id,firstname,lastname,team,class,overall,ability
42867,Patrick,Kiprop,Arkansas,SR,96,6.688491937
34262,Yaseen,Abdalla,Arkansas,SR,95,6.693820986
16506,Kirami,Yego,Arkansas,SR,94,6.696070873
47723,Ben,Shearer,Arkansas,JR,90,6.71198996
79445,Timothy,Chesondin,Arkansas,SO,88,6.718242106
47725,Elias,Schreml,Arkansas,SR,83,6.734157667
47722,Reuben,Reina,Arkansas,JR,82,6.738394413
39298,Tommy,Romanow,Arkansas,SR,82,6.738963652
108454,Brian,Masai,Arkansas,SO,81,6.740414868
39294,Lexington,Hilton,Arkansas,JR,78,6.750133025
35391,Davis,Helmerich,Arkansas,JR,72,6.772160496
47721,Jack,Williams,Arkansas,JR,71,6.774408301
95366,Donovan,Bitticks,Arkansas,FR,66,6.791321382
26629,Camren,Fischer,Arkansas,SR,65,6.793290125
95369,Leo,Spitzer,Arkansas,FR,63,6.801917224
95370,Eli,Seavey,Arkansas,FR,63,6.802116853
95367,Dawson,Welch,Arkansas,FR,60,6.810816265
28391,Casey,Clinger,BYU,SR,97,6.686760138
54962,Creed,Thompson,BYU,SR,93,6.701887457
57750,Joey,Nokes,BYU,SR,92,6.703284752
86936,James,Corrigan,BYU,SO,91,6.708508491
54961,Lucas,Bons,BYU,JR,90,6.710448014
28404,Aidan,Troutner,BYU,SR,88,6.717379922
57749,Davin,Thompson,BYU,JR,88,6.717675137
86938,Jacob,Stanford,BYU,JR,84,6.730908825
70997,Luke,Grundvig,BYU,JR,83,6.734438055
92380,Isaac,Hedengren,BYU,RS,82,6.736714593
108070,Berkley,Nance,BYU,FR,82,6.737955528
86937,Garrett,Stanford,BYU,JR,82,6.73897758
54963,Justin,Hartshorn,BYU,JR,80,6.743740998
104615,Mark,Boyle,BYU,SO,79,6.746895143
98764,Dalton,Mortensen,BYU,FR,78,6.749478201
92384,Caleb,Johnson,BYU,SO,76,6.758001723
88509,Noah,Jenkins,BYU,SO,75,6.760433692
92382,Hayden,Gray,BYU,SO,73,6.76609755
108071,Carter,Cutting,BYU,FR,69,6.782686254
90199,Grant,Gardner,BYU,SO,66,6.789760655
90519,Brian,Musau,Oklahoma State,SO,98,6.684536107
90518,Denis,Kipngetich,Oklahoma State,SO,94,6.695295211
108235,Laban,Kipkemboi,Oklahoma State,FR,91,6.707931663
28392,Victor,Shitsama,Oklahoma State,SR,90,6.709179164
93018,Adisu,Guadia,Oklahoma State,SO,87,6.719833687
28396,Ryan,Schoppe,Oklahoma State,SR,87,6.72096574
68601,Alex,Stitt,Oklahoma State,JR,86,6.72486035
28403,Jonas,Price,Oklahoma State,SO,84,6.729757435
28406,Will,Muirhead,Oklahoma State,SR,84,6.730201928
75783,Fouad,Messaoudi,Oklahoma State,JR,82,6.738700587
95357,Jacob,Deacon,Oklahoma State,FR,78,6.752467806
95365,Hamish,Hart,Oklahoma State,FR,75,6.760165326
40619,Kian,Davis,Oklahoma State,SO,74,6.763225737
73546,Grant,Wilcox,Oklahoma State,SO,66,6.790891683
68604,Ben,Calusinski,Oklahoma State,JR,66,6.792387881
82035,Tate,Barr,Oklahoma State,SO,65,6.795508099
95358,Matthew,Thomas,Oklahoma State,FR,65,6.795763442
75275,Gabe,Simonsen,Oklahoma State,SO,64,6.796645132
95356,Ayden,Granados,Oklahoma State,FR,64,6.797428531
95364,Tim,Synowiec,Oklahoma State,FR,63,6.80100261
95359,Ian,Kemey,Oklahoma State,FR,61,6.809373003
95371,David,Mora,Oklahoma State,FR,60,6.8102827
89976,Habtom,Samuel,New Mexico,SO,99,6.680581733
98606,Vincent,Chirchir,New Mexico,FR,92,6.702563018
89978,Evans,Kiplagat,New Mexico,SO,91,6.705952336
108236,Collins,Kiprotich,New Mexico,FR,91,6.708058103
40718,Rikus,Van-Niekerk,New Mexico,SR,84,6.731306222
89977,Lukas,Kiprop,New Mexico,SO,83,6.734485022
98605,Iker,Sanchez-Lopez,New Mexico,SO,82,6.738066242
89985,Thomas,Termote,New Mexico,SR,77,6.754346976
98608,Corne,De-Fouw,New Mexico,FR,75,6.759761214
10171,Nehemiah,Cionelo,New Mexico,JR,69,6.780488477
10176,Matthew,Larkin,New Mexico,JR,68,6.783937395
71394,Jonathan,Carmin,New Mexico,SO,68,6.783954803
74475,Ethan,Brouw,New Mexico,JR,66,6.790931802
89995,Luke,Cunningham,New Mexico,RS,58,6.818461096
108010,Robin,Kwemoi-Bera,Iowa State,FR,95,6.692941766
90183,Said,Mechaal,Iowa State,SR,93,6.699336982
56425,Sanele,Masondo,Iowa State,SR,91,6.705943488
110525,Joash,Ruto,Iowa State,FR,90,6.711628379
34259,Gable,Sieperda,Iowa State,SR,87,6.71998873
90197,Devan,Kipyego,Iowa State,SO,87,6.720526307
67465,Rodgers,Kiplimo,Iowa State,JR,86,6.723430165
27040,Silas,Winders,Iowa State,SR,85,6.726540586
67958,Ryan,Watts,Iowa State,SO,85,6.728669469
57748,Timothy,Sindt,Iowa State,SR,84,6.729065952
69175,Hanibal,Haile,Iowa State,JR,82,6.737311573
67954,Seth,Clevenger,Iowa State,SO,80,6.743132184
67956,Emanuel,Galdino,Iowa State,SO,79,6.748441619
67955,Quinton,Orr,Iowa State,SR,77,6.753607142
96640,Allen,Bonnessen,Iowa State,FR,72,6.771617868
44147,Riley,Simpson,Iowa State,SR,70,6.776779973
80281,Ernest,Mattson,Iowa State,SO,68,6.784708271
74652,Nathan,Pestka,Iowa State,JR,60,6.809775987
39300,Sam,Hall,Iowa State,JR,58,6.81695787
80280,Levi,Taylor,Iowa State,FR,55,6.827301388
89240,Darius,Kipyego,Iowa State,JR,51,6.841105527
56123,Parker,Wolfe,North Carolina,SR,96,6.68887975
59254,Ethan,Strand,North Carolina,SR,94,6.698120004
66008,Colton,Sands,North Carolina,JR,88,6.718509065
8672,Will,Coogan,North Carolina,JR,86,6.723765366
8676,Patrick,Anderson,North Carolina,JR,84,6.729299414
84562,Aiden,Neal,North Carolina,SO,79,6.748490839
99271,Max,Murphy,North Carolina,JR,78,6.749286881
99275,Joe,Sapone,North Carolina,FR,78,6.749571
84564,Gitch,Hayes,North Carolina,SO,78,6.752378977
99270,Jacob,Laney,North Carolina,FR,77,6.754374363
75777,Walker,St.-John,North Carolina,JR,75,6.762304223
84563,Luke,Wiley,North Carolina,SO,74,6.764403944
59255,Crawford,Hope,North Carolina,JR,73,6.767290347
66006,Sully,Shelton,North Carolina,SO,70,6.77656704
109758,Knox,Young,North Carolina,FR,68,6.785634276
99278,Mac,Conwell,North Carolina,FR,66,6.792598173
47954,Kyle,Reinheimer,North Carolina,SO,61,6.809469766
84566,Dylan,Look,North Carolina,FR,60,6.810865693
8681,Luke,Tewalt,Wake Forest,SR,90,6.709533126
90188,Charlie,Sprott,Wake Forest,SO,89,6.713658848
90180,Rocky,Hansen,Wake Forest,SO,89,6.71377005
110514,JoJo,Jourdon,Wake Forest,FR,88,6.716316153
85225,Joseph,O'Brien,Wake Forest,SO,88,6.718337416
92383,Aidan,Ross,Wake Forest,SO,85,6.726532619
90191,Hunter,Jones,Wake Forest,SO,80,6.743801015
75778,Weber,Long,Wake Forest,RS,79,6.747550173
75776,Daniel,Winter,Wake Forest,SO,78,6.7493531
85223,Gavin,Ehlers,Wake Forest,SO,78,6.75120567
85226,Paul,Specht,Wake Forest,SO,76,6.758213867
85224,Jackson,Keefer,Wake Forest,SO,75,6.760814406
101693,Wes,Shipsey,Wake Forest,FR,73,6.767845348
67867,Rynard,Swanepoel,Wake Forest,SR,71,6.773111049
67866,Andrew,Kivett,Wake Forest,JR,70,6.778848962
85227,Bryce,Gilmore,Wake Forest,SO,64,6.797152485
101694,Ty,Garrett,Wake Forest,FR,61,6.807417815
85229,Colin,Chapman,Wake Forest,JR,60,6.81089739
87311,Vince,Mwangi,Wake Forest,SO,50,6.844978347
41014,Pedro,Bravo,Wake Forest,JR,49,6.848881742
55179,Victor,Kiprop,Alabama,SR,94,6.696520152
108872,Dismus,Lokira,Alabama,FR,92,6.704621901
104466,Dennis,Kipruto,Alabama,FR,90,6.711754525
55180,Hillary,Cheruiyot,Alabama,SR,86,6.723193048
16582,Eliud,Kipsang,Alabama,JR,84,6.731794732
87041,Hudson,Hurst,Alabama,SR,79,6.746943921
55181,Carson,Burian,Alabama,JR,77,6.753130429
84453,Ethan,Lemons,Alabama,SO,74,6.762995515
84459,Charlie,Rogers,Alabama,SO,74,6.764258524
16574,Jack,Hawes,Alabama,SR,74,6.764478623
104471,Joel,Gardner,Alabama,SR,74,6.765459548
67828,Brandon,Passmann,Alabama,JR,73,6.76652555
104478,Evan,Trapp,Alabama,FR,72,6.769752811
92256,Kai,Connor,Alabama,SO,72,6.771254288
72588,Arthur,Graham,Alabama,JR,70,6.77748079
84454,Jackson,Harris,Alabama,SO,70,6.779093437
67825,Will,Pinson,Alabama,JR,69,6.779840406
104477,Dylan,Wood,Alabama,FR,67,6.788100126
84455,Will,Douglas,Alabama,SO,67,6.788718591
104479,Caleb,Millard,Alabama,FR,66,6.791130692
45470,Brady,Barton,Alabama,SR,65,6.794924346
45463,Gavin,Saacke,Alabama,SR,63,6.800862351
104487,Evan,Simpson,Alabama,FR,60,6.809802884
75216,Knox,Exton,Alabama,SO,60,6.809977395
67827,Carter,Waters,Alabama,JR,55,6.828058119
104496,Drew,Dennis,Alabama,SO,48,6.852913622
84467,Kai,Crawford,Alabama,JR,45,6.860395613
16559,Jace,Jones,Alabama,JR,35,6.896101452
38092,Cole,Sprout,Stanford,SR,91,6.705437814
38117,Thomas,Boyden,Stanford,JR,89,6.71516102
90189,Lex,Young,Stanford,SO,88,6.717702385
90186,Leo,Young,Stanford,SO,87,6.721964951
43075,Robert,DiDonato,Stanford,JR,85,6.728160697
96952,Paul,Bergeron,Stanford,FR,85,6.728680903
43081,Nolan,Topper,Stanford,JR,84,6.730463669
96950,Patrick,Koon,Stanford,FR,82,6.738487841
107969,James,Dargan,Stanford,FR,79,6.746527501
96951,Joshua,Bell,Stanford,FR,78,6.7515657
43078,Caleb,Boutelle,Stanford,JR,76,6.757623596
80965,Callum,Sherry,Stanford,SO,76,6.757887729
73541,Zane,Bergen,Stanford,JR,74,6.764306913
91165,Milo,Skapinsky,Stanford,SO,72,6.771510481
55274,Liam,Anderson,Stanford,JR,68,6.785325075
58972,John,Lester,Stanford,JR,59,6.814452179
80964,Gavin,Sherry,Stanford,SO,58,6.817309215
43088,Galen,Topper,Stanford,JR,45,6.861249007
98874,David,Mullarkey,Northern Arizona,SR,92,6.704773565
75174,Colin,Sahlman,Northern Arizona,JR,89,6.713399252
28395,Santiago,Prosser,Northern Arizona,SR,88,6.715596434
28393,Corey,Gorgas,Northern Arizona,SR,87,6.721176131
90904,Justin,Keyes,Northern Arizona,SO,85,6.72813177
40572,Kang,Nyoak,Northern Arizona,JR,84,6.729524063
98875,Ford,Washburn,Northern Arizona,FR,82,6.735718649
108924,Manny,Perez,Northern Arizona,FR,82,6.738283551
108315,Zack,Munson,Northern Arizona,FR,81,6.740963683
90193,Aidan,Puffer,Northern Arizona,SO,81,6.741404923
92980,Cael,Grotenhuis,Northern Arizona,JR,81,6.742082817
72813,Jack,Scherer,Northern Arizona,SO,79,6.74738994
92385,Erik,Le-Roux,Northern Arizona,SO,78,6.750404491
28399,Caleb,Easton,Northern Arizona,SR,74,6.763182699
73549,Randy,Espinoza,Northern Arizona,JR,72,6.769403793
73550,Aiden,Barnhill,Northern Arizona,JR,62,6.804752407
42510,Riley,Human,Northern Arizona,JR,57,6.822155363
73940,Gary,Martin,Virginia,JR,93,6.699922632
73939,Will,Anthony,Virginia,JR,91,6.706776337
8661,Wes,Porter,Virginia,SR,84,6.729276344
60531,Nathan,Mountain,Virginia,JR,84,6.730469015
8690,Yasin,Sado,Virginia,JR,83,6.732699482
59051,Andrew,Jones,Virginia,JR,83,6.733207463
61608,Justin,Wachtel,Virginia,JR,83,6.734815074
8711,Jack,Eliason,Virginia,SR,82,6.736087338
34104,Jacob,Hunter,Virginia,SR,80,6.744779798
76509,Scott,Sikorski,Virginia,SR,79,6.74678591
41837,Billy,Atkinson,Virginia,JR,78,6.751110745
108023,Adam,Balewicz,Virginia,FR,77,6.754095877
41838,Nick,Karayianis,Virginia,JR,76,6.756674593
94052,Richard,Moreno,Virginia,SO,73,6.76895333
94051,Aidan,Cox,Virginia,FR,71,6.774660755
41839,Conor,Murphy,Virginia,SR,71,6.775218375
108072,Jimmy,Wischusen,Virginia,FR,70,6.777106682
92404,James,Donahue,Virginia,SO,64,6.79837378
92405,Shane,Cohen,Virginia,JR,63,6.800596885
94061,Alex,Leath,Virginia,FR,59,6.813613812
94067,Cayden,Dyer,Virginia,FR,59,6.816101689
76522,Isaac,Thiessen,Virginia,FR,52,6.836746926
90797,Ethan,Coleman,Notre Dame,SO,89,6.713178296
74466,Izaiah,Steury,Notre Dame,SO,89,6.714136828
25176,Tyler,Berg,Notre Dame,RS,89,6.71515561
40537,Carter,Solomon,Notre Dame,SR,88,6.717464818
8650,Joshua,Methner,Notre Dame,SR,88,6.717746574
18809,Vincent,Mauri,Notre Dame,RS,87,6.719632335
91654,Daelen,Ackley,Notre Dame,SO,85,6.726900653
108923,Drew,Griffith,Notre Dame,FR,85,6.728220386
87602,CJ,Singleton,Notre Dame,SO,84,6.731572264
55389,Robert,Cozean,Notre Dame,SR,84,6.732227775
106445,Kevin,Sanchez,Notre Dame,FR,83,6.732999444
42430,Cole,Nash,Notre Dame,SR,83,6.734518945
97293,Brody,Hartley,Notre Dame,FR,81,6.739001446
53654,Sean,Kay,Notre Dame,SR,81,6.741301335
82800,Sam,Rich,Notre Dame,SO,78,6.751924662
63702,Ryan,Schumacher,Notre Dame,JR,77,6.753231341
60530,Zach,Hughes,Notre Dame,SR,77,6.753771521
44652,Michael,Danzi,Notre Dame,SR,68,6.783714665
82794,Gabe,Hinrichs,Notre Dame,SO,67,6.788387602
63703,Luke,Schildmeyer,Notre Dame,JR,57,6.820095616
82795,John,Schuler,Notre Dame,RS,55,6.829269997
53664,Drake,Prince,Notre Dame,SR,51,6.841652935
56063,Elijah,Meder,Notre Dame,SR,49,6.849305603
82806,Julian,Kingery,Notre Dame,SO,49,6.849809641
30508,Bob,Liking,Wisconsin,SR,92,6.704501423
101403,Matan,Ivri,Wisconsin,FR,86,6.723956122
60980,Adam,Spencer,Wisconsin,SR,86,6.724120811
90892,Micah,Wilson,Wisconsin,SO,86,6.724595838
104859,Christian,de-Vaal,Wisconsin,FR,86,6.72509697
30505,Rowen,Ellenberg,Wisconsin,SR,85,6.728640527
101402,Johnny,Livingstone,Wisconsin,SO,85,6.728749367
108873,Liam,Newhart,Wisconsin,FR,85,6.728839912
93493,Logan,Measner,Wisconsin,SO,80,6.745266815
73626,Josh,Truchon,Wisconsin,SO,78,6.750477777
101401,Nick,Gilles,Wisconsin,FR,77,6.752952332
101406,Bryce,Stachewicz,Wisconsin,FR,77,6.755060506
104864,Pierce,Seigne,Wisconsin,SO,74,6.76481993
75184,Anthony,Adriansen,Wisconsin,SO,72,6.772493348
52211,Oliver,Paleen,Wisconsin,SR,65,6.793012102
33761,Joe,dosReis,Wisconsin,JR,60,6.811302712
101407,Zach,Temple,Wisconsin,FR,60,6.812202204
40500,Liam,Murphy,Villanova,SR,95,6.694138672
74243,Marco,Langon,Villanova,JR,92,6.703530054
108018,Bailey,Habler,Villanova,FR,83,6.732781703
64726,Devon,Comber,Villanova,JR,82,6.738389997
95206,CJ,Sullivan,Villanova,FR,81,6.740482612
90187,Xian,Shively,Villanova,JR,79,6.747617827
64731,Sean,Donoghue,Villanova,JR,74,6.765088526
108026,Jack,Coomber,Villanova,FR,74,6.765702535
95207,Nick,Sullivan,Villanova,FR,72,6.771854593
56186,Colton,Walker,Villanova,JR,70,6.777836558
78653,Jack,Tavaglione,Villanova,FR,70,6.779033841
95214,Kai,Mitchell-Reiss,Villanova,FR,65,6.793211174
95211,Brian,Theobald,Villanova,FR,61,6.808008493
109760,Jack,Fenlon,Villanova,FR,59,6.814299944
95215,Bennett,Booth-Genthe,Villanova,SR,46,6.858183641
56188,Christopher,Weeks,Villanova,JR,43,6.867305828
53652,Graham,Blanks,Harvard,SR,96,6.689580217
69080,Shane,Brosnan,Harvard,JR,87,6.718811641
53663,Ben,Rosa,Harvard,SR,85,6.726524394
90856,Charlie,Ortmans,Harvard,SO,81,6.739253795
92360,Ferenc,Kovacs,Harvard,SO,81,6.739993269
90855,Sam,Burgess,Harvard,SO,81,6.742141279
53660,Reed,Pryor,Harvard,SR,79,6.746714444
57653,Joe,Ewing,Harvard,SR,79,6.748742296
53661,Noah,Ward,Harvard,SR,72,6.771880248
109122,Will,Brunner,Harvard,FR,69,6.779848597
90858,Owen,Bosley,Harvard,SO,69,6.78055143
109159,Solomon,Kwartowitz,Harvard,FR,66,6.789861841
69081,Jeremy,Williams,Harvard,JR,64,6.798269959
73950,Ben,Shryock,Harvard,JR,63,6.801664005
90862,Ethan,Aidam,Harvard,SO,62,6.805050888
73930,Sameer,Das,Harvard,SO,61,6.808621357
100538,Jake,Swanson,Harvard,FR,53,6.835194699
86852,Oliver,Adler,Harvard,JR,41,6.874919606
53652,Graham,Blanks,Harvard,SR,96,6.689580217
69080,Shane,Brosnan,Harvard,JR,87,6.718811641
53663,Ben,Rosa,Harvard,SR,85,6.726524394
90856,Charlie,Ortmans,Harvard,SO,81,6.739253795
92360,Ferenc,Kovacs,Harvard,SO,81,6.739993269
90855,Sam,Burgess,Harvard,SO,81,6.742141279
53660,Reed,Pryor,Harvard,SR,79,6.746714444
57653,Joe,Ewing,Harvard,SR,79,6.748742296
53661,Noah,Ward,Harvard,SR,72,6.771880248
109122,Will,Brunner,Harvard,FR,69,6.779848597
90858,Owen,Bosley,Harvard,SO,69,6.78055143
109159,Solomon,Kwartowitz,Harvard,FR,66,6.789861841
69081,Jeremy,Williams,Harvard,JR,64,6.798269959
73950,Ben,Shryock,Harvard,JR,63,6.801664005
90862,Ethan,Aidam,Harvard,SO,62,6.805050888
73930,Sameer,Das,Harvard,SO,61,6.808621357
100538,Jake,Swanson,Harvard,FR,53,6.835194699
86852,Oliver,Adler,Harvard,JR,41,6.874919606
90184,Tyrone,Gorze,Washington,SO,88,6.717954773
38095,Luke,Houser,Washington,JR,87,6.720952488
73545,Nathan,Green,Washington,SR,86,6.722272858
38111,Leo,Daschbach,Washington,SR,86,6.72260368
73542,Evan,Jenkins,Washington,SO,85,6.726205747
90200,Jamar,Distel,Washington,SO,83,6.734516547
108021,Rhys,Hammond,Washington,JR,80,6.742499652
92365,Ronan,McMahon-Staggs,Washington,SR,80,6.743341225
108031,Nathan,Neil,Washington,FR,79,6.745912957
38103,Joe,Waskom,Washington,JR,77,6.753402957
108027,Thomas,Diamond,Washington,SO,75,6.760037591
108034,Isaac,Briggs,Washington,FR,72,6.772380083
90194,James,Crabtree,Washington,SO,70,6.776794165
110015,Ben,MacMillan,Washington,JR,67,6.786581804
108032,Will,Schneider,Washington,FR,65,6.793409126
49891,Sam,Affolder,Washington,JR,59,6.814569699
110016,Cruize,Corvin,Washington,FR,57,6.820299565
108011,Justine,Kipkoech,Eastern Kentucky,FR,93,6.700702494
90182,Taha,Er-Raouy,Eastern Kentucky,SO,85,6.727093078
74468,Mohammed,Jouhari,Eastern Kentucky,JR,84,6.729039933
108013,Tomas,Vega,Eastern Kentucky,JR,83,6.733551738
108014,Mario,Priego,Eastern Kentucky,JR,82,6.738447136
108020,German,Vega,Eastern Kentucky,JR,79,6.746765641
12417,Keeton,Thornsberry,Eastern Kentucky,SR,76,6.757423543
55878,Ahmed,Kadri,Eastern Kentucky,SR,74,6.76433741
108996,Cesc,Boix,Eastern Kentucky,FR,73,6.768860943
52449,Griffin,Staude,Eastern Kentucky,SR,72,6.771374383
90192,Kristian,Imroth,Eastern Kentucky,SR,72,6.7718219
63770,Jan,Badia,Eastern Kentucky,SR,72,6.772147179
72382,Evan,Jarold,Eastern Kentucky,SO,67,6.787245336
63772,Aniol,Borras,Eastern Kentucky,JR,63,6.800773875
84844,Andrew,Moore,Eastern Kentucky,SO,55,6.828159639
91512,Jake,Pyles,Eastern Kentucky,JR,41,6.876569285
65111,Dalton,Lesher,Eastern Kentucky,JR,30,6.91158011
84846,Gavin,Demas,Eastern Kentucky,SO,29,6.916433308
84849,Aidan,Herman,Eastern Kentucky,SO,26,6.924761542
84848,Jacob,Tapscott,Eastern Kentucky,SO,23,6.937238298
30745,Sam,Lawler,Syracuse,JR,89,6.713040916
70602,Assaf,Harari,Syracuse,JR,86,6.72446489
7190,Alex,Comerford,Syracuse,SR,86,6.725366249
104405,Benne,Anderson,Syracuse,FR,84,6.732199386
104407,Connor,Ackley,Syracuse,FR,82,6.73570732
30746,Ethan,Wechsler,Syracuse,SR,81,6.741726143
61107,Kamari,Miller,Syracuse,JR,73,6.766797356
76852,Julian,Franjieh,Syracuse,SO,72,6.770124123
94715,Ruben,Rojas-Betanzos,Syracuse,SO,71,6.775717283
94716,Solomon,Holden-Betts,Syracuse,SO,66,6.792710927
61115,Gabriel,Planty,Syracuse,JR,61,6.808537651
76861,Eamon,Burke,Syracuse,SO,59,6.814495902
76865,Joey,Hendershot,Syracuse,SO,58,6.816797672
61111,Patrick,Malone,Syracuse,JR,55,6.828605544
89979,Valentin,Soca,CBU,SO,91,6.707303425
94536,Zouhair,Redouane,CBU,FR,90,6.710997542
50315,Matias,Reynaga,CBU,SR,88,6.716975327
107109,Daniel,Abdala,CBU,SR,83,6.732568325
83877,Pedro,Marin,CBU,SO,83,6.733660967
107111,Adam,Trafecanty,CBU,SR,81,6.742146934
107112,Gabriel,Guzman,CBU,FR,76,6.757029834
59052,Massimiliano,Berti,CBU,SR,76,6.758011062
94539,Victor,Rosas,CBU,JR,75,6.760096322
94538,Ernesto,Ruiz,CBU,JR,72,6.772615567
94540,Manuel,Rojas,CBU,FR,69,6.782224002
89991,David,Ninavia,CBU,FR,63,6.800419198
88271,Evan,McReynolds,CBU,SO,27,6.921652088
94587,Jacob,Orta,CBU,FR,18,6.95258825
92990,Aiden,Smith,Oregon,SO,88,6.717615069
108237,Simeon,Birnbaum,Oregon,FR,86,6.725153261
51233,Elliott,Cook,Oregon,SR,85,6.726956337
16658,Quincy,Norman,Oregon,SR,83,6.734635428
30510,Evan,Bishop,Oregon,SR,83,6.734660354
30515,Evan,Dorenkamp,Oregon,SR,83,6.735614771
31301,Abdinasir,Hussein,Oregon,JR,81,6.739934705
82913,Benjamin,Balazs,Oregon,SO,81,6.741625092
75177,Josh,Edwards,Oregon,SO,80,6.743286787
108238,Tayson,Echohawk,Oregon,FR,80,6.745639605
40346,Evan,Burke,Oregon,SR,79,6.748702042
90136,Josh,Schumacher,Oregon,SR,75,6.761528083
92991,Connor,Burns,Oregon,SO,75,6.762480341
68304,Giuliano,Scasso,Oregon,JR,74,6.762949755
96817,James,Harding,Oregon,SO,74,6.765135827
82910,Kutoven,Stevens,Oregon,FR,72,6.771615252
90137,Rheinhardt,Harrison,Oregon,SO,71,6.775875973
92992,Archie,Noakes,Oregon,FR,67,6.787209708
109466,Jack,Meier,Oregon,FR,64,6.797451078
96816,Jeffery,Rogers,Oregon,SO,62,6.803931239
73552,Ben,Greene,Oregon,JR,56,6.82383645
68307,Matthew,Erickson,Oregon,JR,56,6.825872325
82916,Vincent,Mestler,Oregon,JR,53,6.833468997
96815,Tomas,Palfrey,Oregon,SO,37,6.888401498
74374,Toby,Gillen,Ole Miss,JR,90,6.711916797
44643,Elyas,Ayyoub,Ole Miss,SR,86,6.724604331
55182,Aiden,Britt,Ole Miss,SR,85,6.728389462
64989,Evan,Thornton-Sherman,Ole Miss,JR,83,6.73234791
30772,Jack,Meijer,Ole Miss,SR,78,6.750186093
14635,Benjamin,Bayless,Ole Miss,SR,76,6.758205396
98989,Caden,Townshend,Ole Miss,FR,72,6.769880737
62473,Gabe,Scales,Ole Miss,JR,70,6.776863366
84457,Landen,McNair,Ole Miss,SO,68,6.782849576
98990,Aidan,Hodge,Ole Miss,FR,68,6.78570606
45468,Chase,Rose,Ole Miss,SR,63,6.802627097
98996,Stone,Smith,Ole Miss,FR,59,6.814514128
45472,Miles,Phillips,Ole Miss,JR,55,6.829522173
84486,Marcus,Dropik,Ole Miss,JR,34,6.900297203
84493,Carson,Turner,Ole Miss,FR,30,6.914142752
90185,William,Zegarski,Butler,SO,90,6.70894255
35792,Jesse,Hamlin,Butler,JR,88,6.718343389
90181,Florian,LePallec,Butler,SR,87,6.72178767
70614,Matthew,Forrester,Butler,JR,86,6.722284365
8674,Austin,Gabay,Butler,JR,86,6.725459616
54318,Will,Minnette,Butler,JR,85,6.726734275
90195,David,Slapak,Butler,SO,81,6.741266636
8677,Luke,Henseler,Butler,SR,79,6.747933367
104861,Sean,Byrnes,Butler,FR,76,6.757944088
90196,Martin,Kovacech,Butler,SR,75,6.761518962
104863,Matteo,Rosio,Butler,FR,73,6.767673125
39756,Sean,Robertson,Butler,JR,71,6.772747723
90202,Joe,Barrett,Butler,SR,68,6.78557955
104866,Asher,Propst,Butler,FR,62,6.804008639
68150,Michael,Dunagan,Butler,JR,61,6.807898851
70612,Charlie,Schuman,Butler,SO,55,6.827153678
81506,Aeden,Rendek,Butler,SO,48,6.852497552
70615,Bennett,Dubois,Butler,SO,32,6.906183694
12785,Austin,Vancil,Colorado,JR,91,6.707713191
92402,Dean,Casey,Colorado,SO,90,6.71145498
38312,Simon,Kelati,Colorado,SR,85,6.725909223
78878,Isaiah,Givens,Colorado,SO,84,6.73176966
108016,Kole,Mathison,Colorado,FR,82,6.736852632
64703,James,Overberg,Colorado,SO,82,6.738481701
64701,Lukas,Haug,Colorado,SO,82,6.738871476
38110,Hunter,Appleton,Colorado,JR,81,6.74037116
42045,Noah,Hibbard,Colorado,JR,81,6.740726531
64702,Grady,Rauba,Colorado,SO,81,6.740829063
54297,Christopher,Cherry,Colorado,SR,80,6.742380652
42322,Jake,Derouin,Colorado,SO,80,6.743520936
59253,Anthony,Monte,Colorado,SR,79,6.747333204
78883,Wilson,Georges,Colorado,SO,78,6.75042084
110014,Ethan,Edgeworth,Colorado,FR,77,6.755303066
64706,Alex,Baca,Colorado,SO,75,6.760052363
64704,Charles,Welch,Colorado,SO,75,6.760413214
40349,Caleb,Niednagel,Colorado,JR,75,6.761429568
108022,Drew,Costelow,Colorado,FR,72,6.769669001
78879,Conner,Wingfield,Colorado,SO,72,6.770384081
78880,Charles,Robertson,Colorado,FR,72,6.771467782
78889,Reese,Kilbarger-Stumpf,Colorado,SO,68,6.783573507
38109,Jace,Aschbrenner,Colorado,SO,66,6.79260327
64711,Tyler,Scholl,Colorado,SO,65,6.79608832
96486,Antonio,Camacho-Bucks,Colorado,FR,58,6.816634405
96485,Conner,Wirth,Colorado,FR,58,6.818489527
64708,Ryan,Lindrud,Colorado,JR,52,6.839454701
78890,Jacob,Culig,Colorado,SO,42,6.873724132
38100,Dylan,Schubert,Furman,SR,93,6.69895542
37778,Carson,Williams,Furman,SR,89,6.714188402
100189,Christopher,Knight,Furman,FR,80,6.744506273
108024,Colin,Eckerman,Furman,FR,80,6.744997798
100188,Evan,Guzman,Furman,SR,78,6.751130559
82676,Luke,Taylor,Furman,SO,77,6.753259045
55273,Gabriel,Montague,Furman,JR,76,6.758884513
55278,Nicholas,Goldstein,Furman,SR,75,6.761437724
50213,Ethan,Domitrovich,Furman,SR,72,6.771639135
100190,Owen,Shifflett,Furman,FR,68,6.783864665
55275,Foster,Wilfong,Furman,SR,68,6.784371044
82679,Brayden,Seymour,Furman,SO,67,6.788426659
55879,Matthew,Smith,Furman,JR,66,6.790097773
63652,Colton,Kempney,Furman,SO,63,6.80101855
55883,Casey,Burr,Furman,SR,62,6.803211543
82689,Tucker,Wright,Furman,FR,48,6.851302961
95887,Kidus,Misgina,Florida State,JR,88,6.716086323
7202,Zach,Leachman,Florida State,SR,83,6.734113917
80668,Joe,Farley,Florida State,SR,83,6.735151281
80667,Matthew,Neill,Florida State,JR,82,6.735991563
80669,Ahmed,Ibrahim,Florida State,SR,82,6.737240981
7210,Zachary,Cloud,Florida State,SR,80,6.742661655
72777,Coleman,Cronk,Florida State,JR,75,6.762165704
75218,Lucas,Bouquot,Florida State,SO,74,6.764385238
75217,Andrew,Hammel,Florida State,JR,73,6.76759006
75219,Patrick,Donnelly,Florida State,SO,72,6.772448248
108777,Kaden,Levings,Florida State,SO,70,6.776880505
72778,Wynne,Thomas,Florida State,JR,67,6.7865856
95889,Michael,Toppi,Florida State,FR,65,6.795203941
95897,Tanner,Simonds,Florida State,FR,60,6.812502393
31300,Matt,Strangio,Portland,SR,90,6.708931275
89981,Jona,Bodirsky,Portland,SR,83,6.732747722
33644,Bradley,Peloquin,Portland,JR,83,6.732936765
89980,Daniel,Abdala,Portland,JR,81,6.739082237
108015,Kgadi,Monyebodi,Portland,JR,81,6.74037204
59327,Jonas,Gertsen,Portland,SR,81,6.740674236
105441,Cameron,Stein,Portland,JR,77,6.752493717
73976,Nolan,Hosbein,Portland,JR,75,6.762313486
76202,Estanis,Ruiz,Portland,JR,74,6.763163954
73978,Ahmed,Sado,Portland,JR,74,6.764360656
90135,Nate,Lantz,Portland,JR,74,6.764533058
89984,Teddy,Buckley,Portland,JR,73,6.768121483
63467,Daniel,Racle,Portland,SR,72,6.771727117
31310,AJ,Reyes,Portland,SO,71,6.773682083
82911,Isaac,McGill,Portland,SO,71,6.774781073
108025,Jonathan,Carmin,Portland,JR,70,6.77662509
94366,Anthony,Giesch,Portland,FR,70,6.777377918
110416,Mark,Milner,Portland,SR,69,6.780180467
82909,Dalton,Kaines,Portland,SO,68,6.784398879
31303,Chris,Anderson,Portland,SR,68,6.785173161
94368,Nathan,Stein,Portland,FR,67,6.786599238
63469,Cohen,Williams,Portland,JR,66,6.790405166
94367,Jacob,Hupke,Portland,FR,65,6.793985621
90140,Pedro,Vazquez,Portland,JR,65,6.794620459
63472,Brady,Martisus,Portland,SO,63,6.799763927
105443,Trey,Gannon,Portland,JR,62,6.80386865
31302,Eliason,Kabasenche,Portland,JR,61,6.809696092
63474,Evan,DeLaCruz,Portland,JR,60,6.812170115
105445,Adrian,Stuphan,Portland,JR,58,6.817851666
94369,Canyon,White,Portland,FR,58,6.81878097
82917,Connor,Kennedy,Portland,FR,58,6.819030892
63470,Kevin,Andrews,Portland,JR,57,6.820415751
106205,Alex,Baca,Portland,JR,55,6.828367525
106208,Nathan,Short,Portland,FR,53,6.834417103
82912,Aidan,Fitzgerald,Portland,SR,53,6.835283308
82919,Xander,Penaflor,Portland,RS,53,6.836599546
94373,Andrew,Gannon,Portland,FR,52,6.837629327
94372,Tommy,Paltzer,Portland,JR,51,6.842119987
82920,Steven,Durr,Portland,JR,51,6.842390723
106211,Alex,Althouse,Portland,FR,49,6.848529744
63476,Nico,Grillo,Portland,SR,49,6.848575055
106212,Juan,Diego-Contreras,Portland,FR,43,6.869965775
94376,Gabriel,Morrow,Portland,FR,42,6.870754594
38926,Jack,Klines,Portland,JR,36,6.893101807
78658,George,Couttie,Virginia Tech,SO,92,6.704951661
100369,Nicholas,Kipchirchir,Virginia Tech,FR,87,6.720606323
66530,Declan,Rymer,Virginia Tech,JR,81,6.741058181
100370,William,Winter,Virginia Tech,FR,81,6.741399295
36641,Ryan,Fowkes,Virginia Tech,RS,79,6.748766622
68305,Benjamin,Reynolds,Virginia Tech,SO,78,6.750765994
59049,Arnav,Tikhe,Virginia Tech,SR,78,6.751653068
66531,Viktor,Idhammar,Virginia Tech,JR,78,6.751887572
78665,Ethan,Coleman,Virginia Tech,SO,74,6.763489586
87723,Garrett,Winter,Virginia Tech,SO,74,6.764720134
78660,Sam,Hubert,Virginia Tech,SR,74,6.765145306
78659,Trevor,Mason,Virginia Tech,FR,71,6.774718597
106196,Dylan,DeCambre,Virginia Tech,FR,69,6.779709635
78661,Bryce,Reeburgh,Virginia Tech,SO,67,6.786229785
78663,Nicholas,Plant,Virginia Tech,SO,67,6.78712128
78668,Colin,Doran,Virginia Tech,SO,66,6.791996973
78667,Ryan,Chevalier,Virginia Tech,SO,66,6.792025336
109974,Cameron,Davis,Virginia Tech,FR,65,6.794203703
14624,Andrew,Schroff,Virginia Tech,SR,65,6.794287502
68306,Luke,Affolder,Virginia Tech,JR,65,6.795088816
78666,Elham,Huq,Virginia Tech,FR,63,6.801090901
66532,William,Jones,Virginia Tech,SO,63,6.80287981
66534,Azaan,Dawson,Virginia Tech,SO,60,6.810530714
78675,Ben,Madrigal,Virginia Tech,FR,54,6.832595675
78679,Charlie,Stock,Virginia Tech,FR,50,6.845387096
100374,Ryan,McGinley,Virginia Tech,FR,41,6.875985611
10150,Camren,Todd,Utah State,SR,90,6.712019183
10161,Spencer,Nelson,Utah State,SR,84,6.729625907
98761,Joshua,McKee,Utah State,FR,82,6.7376442
61889,LJ,Floyd,Utah State,JR,82,6.737895219
61892,Logan,Garnica,Utah State,JR,82,6.738919903
98756,Jed,Megargel,Utah State,FR,78,6.750982681
61885,Yonas,Mogos,Utah State,JR,77,6.753898417
98759,Josh,Armstrong,Utah State,FR,77,6.754771557
15695,Max,Wehrli,Utah State,RS,76,6.758816193
98758,Joseph,McKee,Utah State,FR,76,6.759072427
74276,Eric,Nelson,Utah State,SR,75,6.75964579
98757,Michael,Moffat,Utah State,FR,75,6.759675126
41196,Brennan,Benson,Utah State,SR,75,6.760293139
84538,Drew,Hogan,Utah State,SO,74,6.765881236
98760,Bryce,Hill,Utah State,FR,73,6.766680907
61886,Caleb,Armstrong,Utah State,JR,72,6.770471641
98763,Luke,Stockett,Utah State,FR,70,6.778104341
98766,Johnathan,Simmons,Utah State,FR,69,6.779830648
45781,Ben,Berlin,Utah State,JR,69,6.780453537
61891,Eli,Gregory,Utah State,JR,69,6.780790302
61890,Grady,Mylander,Utah State,SO,68,6.784750118
61887,Wyatt,Evans,Utah State,JR,68,6.786098037
84539,Carson,Coleman,Utah State,JR,65,6.793217287
98767,Daniel,Larsen,Utah State,FR,64,6.798106296
84540,Sam,Jackson,Utah State,FR,63,6.800129238
98769,Anthony,Davies,Utah State,FR,60,6.810155956
84542,Adam,Wall,Utah State,FR,59,6.813337793
84543,Kobe,Yost,Utah State,FR,58,6.817205544
69075,Myles,Hogan,Princeton,JR,86,6.722344861
53653,Nicholas,Bendtsen,Princeton,JR,86,6.723567069
69078,Jackson,Shorten,Princeton,JR,82,6.735838468
69073,Daniel,O'Brien,Princeton,JR,81,6.741712443
69079,Connor,McCormick,Princeton,JR,79,6.746821409
59282,Harrison,Witt,Princeton,JR,79,6.748265162
100099,Weston,Brown,Princeton,FR,78,6.750414147
100098,Collin,Boler,Princeton,FR,77,6.755334528
80160,Jack,Gregorski,Princeton,SO,77,6.755550407
100103,Sebastian,Martinez,Princeton,FR,74,6.764345678
109757,Marcelo,Parra,Princeton,FR,73,6.768090521
100100,Christian,Groendyk,Princeton,FR,73,6.768734401
80159,Cooper,Austen,Princeton,SO,72,6.772295123
110631,Steven,Hergenrother,Princeton,FR,72,6.772446998
92388,Brian,Boler,Princeton,SO,66,6.791972817
100104,Vijay,Krishnamoorthi,Princeton,FR,64,6.799328262
48917,Connor,Chen,Princeton,SR,-3,7.022216051
35981,Ben,Perrin,Montana State,SR,89,6.712671507
52463,Rob,McManus,Montana State,SR,85,6.728619751
84623,Sam,Ells,Montana State,SO,84,6.73176856
50852,Will,Kelly,Montana State,SR,79,6.747117802
52465,Owen,Smith,Montana State,SR,78,6.750516477
35982,Levi,Taylor,Montana State,SR,76,6.758113632
84625,Harvey,Cramb,Montana State,SO,73,6.766704066
84624,Ben,Saelens,Montana State,SO,68,6.785908728
99153,Eli,Boppart,Montana State,FR,65,6.795603899
72803,Michael,Schumacher,Montana State,JR,59,6.813402893
62295,Jacob,White,Wyoming,JR,86,6.723077296
10174,Mason,Norman,Wyoming,SR,86,6.724466257
62298,Ryker,Holtzen,Wyoming,JR,84,6.730496862
10169,Gus,McIntyre,Wyoming,SR,81,6.741496258
50313,Dylan,Van-Der-Hock,Wyoming,SR,79,6.748539065
10189,Asefa,Wetzel,Wyoming,SR,76,6.756340089
10193,Trevor,Stephen,Wyoming,SR,74,6.764126495
62296,Mac,Zastrow,Wyoming,JR,72,6.769573211
96480,Jacob,Bach,Wyoming,FR,72,6.769780736
35070,Cooper,Brown,Wyoming,JR,71,6.775615226
96478,Riley,Nedrow,Wyoming,FR,69,6.781915488
10181,Josh,Rodgers,Wyoming,JR,68,6.784542683
83781,Enzo,Knapp,Wyoming,FR,68,6.785388978
10185,Connor,Zydek,Wyoming,JR,61,6.808667023
96484,Austin,Akers,Wyoming,FR,59,6.814926375
96487,Meyer,Smith,Wyoming,FR,47,6.854731421
109460,Nolan,Hoffman,Wyoming,FR,45,6.86190021
83791,Tristan,Knueppel,Wyoming,SO,44,6.865198443
62300,Oscar,Goll,Wyoming,JR,40,6.877347343
75176,Riley,Hough,Michigan State,SO,86,6.725412052
30518,Andrew,Nolan,Michigan State,SR,84,6.731518432
104775,Lezawe,Osterink,Michigan State,FR,83,6.73499304
87804,Parker,Lambers,Michigan State,SO,81,6.741762865
66393,Jack,Pennewell,Michigan State,JR,81,6.741820182
75186,Andrew,Lane,Michigan State,SR,80,6.745457097
30520,Alexander,Penski,Michigan State,SR,79,6.747155871
26648,Josh,Smith,Michigan State,JR,79,6.748593074
26655,Aden,Smith,Michigan State,JR,77,6.754251036
87811,Patrick,Byrnes,Michigan State,JR,75,6.760340585
56060,Tyler,Pritchett,Michigan State,SR,75,6.76189532
70579,Drew,Seabase,Michigan State,JR,74,6.765428584
98447,Michael,Hegarty,Michigan State,FR,74,6.765514478
66353,Owen,Huard,Michigan State,JR,73,6.765975106
26832,Jeremy,Kloss,Michigan State,JR,70,6.776467409
98446,Kyle,Eberhard,Michigan State,FR,70,6.776613154
56076,Nathan,Larson,Michigan State,SR,70,6.778568401
87810,Brady,McArdle,Michigan State,SO,70,6.779016913
80408,Noah,Morrow,Michigan State,SO,64,6.797656964
30509,Brendan,Favazza,Michigan State,SR,62,6.804464425
92387,Matthew,Zeleke,Michigan State,SO,61,6.806612985
108891,Joseph,Bowman,Michigan State,FR,61,6.807896562
80413,Owen,Gilbert,Michigan State,SO,60,6.81260741
80410,Timothy,Cherry,Michigan State,SO,56,6.824388732
80415,Quinn,Cullen,Michigan State,SO,55,6.829671132
66358,Gage,Killewald,Michigan State,JR,54,6.830104128
47585,Hunter,Zartman,Michigan State,SR,48,6.851108328
92789,Cole,Toney,Michigan State,FR,40,6.878958041
98463,Jason,Whitton,Michigan State,FR,39,6.882119295
110297,Levi,Maier,Michigan State,FR,34,6.900470959
29985,Shay,McEvoy,Tulsa,JR,86,6.724807604
59998,Chris,McLeod,Tulsa,SR,85,6.727662468
82029,Johnny,Livingstone,Tulsa,FR,81,6.739392281
95362,Jaden,Forester,Tulsa,SR,81,6.739551127
82030,Charlie,Krasnoff,Tulsa,SO,81,6.741144513
95354,Ben,Brown,Tulsa,FR,81,6.742201067
95355,James,Knockton,Tulsa,FR,78,6.751092359
92366,Luke,Birdseye,Tulsa,FR,75,6.760662886
73544,Luke,Lambert,Tulsa,JR,72,6.770560435
82031,Chanel,Muir,Tulsa,FR,70,6.777009921
75182,Sean,Korsmo,Tulsa,JR,69,6.780101042
108029,Oisin,Spillane,Tulsa,JR,67,6.788303615
82034,Iain,Salter,Tulsa,FR,61,6.806671705
95368,Grant,Musick,Tulsa,FR,56,6.824100492
95361,Brady,Korsmo,Tulsa,FR,55,6.828546142
82033,Colton,Berquist,Tulsa,JR,53,6.833849939
91097,Carson,Royse,Tulsa,FR,51,6.841740017
74528,Gian,Pulido,Tulsa,SO,37,6.888610402
52160,Abel,Teffra,Georgetown,SR,86,6.725258314
108012,James,Dunne,Georgetown,SR,84,6.730757943
76508,Luke,Ondracek,Georgetown,SO,83,6.732479501
38097,Parker,Stokes,Georgetown,JR,83,6.733582377
52156,Matthew,Rizzo,Georgetown,JR,81,6.739472077
92362,Birhanu,Harriman,Georgetown,SO,81,6.740664339
75860,Charlie,North,Georgetown,SO,77,6.754133467
72797,Lucas,Guerra,Georgetown,JR,75,6.761117529
104410,Derek,Fearon,Georgetown,SR,74,6.764100975
104413,Theo,Woods,Georgetown,JR,73,6.766947346
104409,Alazar,Teffra,Georgetown,FR,73,6.768867755
38102,Camden,Gilmore,Georgetown,JR,72,6.770689231
61609,Mateo,Althouse,Georgetown,JR,72,6.770807027
92364,Peter,Herold,Georgetown,JR,70,6.777445476
61614,Jack,McLoughlin,Georgetown,JR,68,6.784315434
76510,Caleb,Lakeman,Georgetown,SO,66,6.791802428
75856,Jackson,Barna,Georgetown,SO,62,6.804013169
104421,Daniel,McCarthy,Georgetown,SO,58,6.819584226
108035,Akshay,Vadul,Georgetown,FR,54,6.833317055
104424,Ryan,Mulrooney,Georgetown,FR,48,6.853331742
74474,Caleb,Jarema,Michigan,JR,84,6.731389045
92361,Nathan,Lopez,Michigan,SO,83,6.734704501
74467,Luke,Venhuizen,Michigan,JR,82,6.736077237
108017,Trent,McFarland,Michigan,FR,82,6.738778504
7205,Jack,Spamer,Michigan,SR,81,6.741176748
7197,Zach,Stewart,Michigan,SR,78,6.749821211
52151,Oli,Raimond,Michigan,JR,78,6.752155042
90198,Heath,McAllister,Michigan,SO,77,6.752828592
80608,Jack,Kelke,Michigan,SO,77,6.754903505
80611,Peter,Baracco,Michigan,SO,76,6.756799383
7230,Anthony,Hancock,Michigan,JR,75,6.759825712
52157,Jozef,Meyers,Michigan,JR,75,6.760579739
91655,Kyler,McNatt,Michigan,SO,74,6.763031945
38178,Owen,MacKenzie,Michigan,SR,72,6.770296445
80607,Ian,Hill,Michigan,SO,72,6.770464729
52159,Michael,Hancock,Michigan,JR,71,6.774345985
95237,Nolan,Clark,Michigan,FR,70,6.778204508
64696,Henry,Johnson,Michigan,JR,68,6.783494455
95238,Akili,Parekh,Michigan,FR,68,6.784646757
64695,Xander,Black,Michigan,SO,68,6.785619188
80609,Riley,Flemington,Michigan,SO,67,6.789374923
95239,Aiden,Sullivan,Michigan,FR,66,6.792844349
108028,Luca,di-Conza,Michigan,FR,62,6.803275798
95240,Camden,Law,Michigan,FR,61,6.80967085
80612,Myles,Liss-Riordan,Michigan,FR,58,6.819178384
75623,Miles,Brown,Michigan,SO,52,6.837312343
110296,John,O'Reilly,Michigan,FR,40,6.878898336
95243,Kepler,Huntress,Michigan,FR,40,6.879977983
18580,Skylar,Stidam,Indiana,SR,89,6.713922646
61211,Abe,Eckman,Indiana,JR,84,6.731888195
74526,Martin,Segurola,Indiana,JR,83,6.734145499
30514,Austin,Haskett,Indiana,SR,79,6.747596118
104860,Dylon,Nalley,Indiana,FR,77,6.75419126
104862,Tony,Provenzano,Indiana,FR,75,6.760520143
74128,Nolan,Satterfield,Indiana,JR,72,6.770883035
72802,Camden,Marshall,Indiana,JR,72,6.771488717
82888,Garrett,Hicks,Indiana,SO,71,6.775885337
90902,Brayden,Henkle,Indiana,SO,70,6.779128307
96368,Nate,Killeen,Indiana,FR,69,6.779983413
96369,Aaron,Lord,Indiana,FR,67,6.78741774
74278,Travis,Hickner,Indiana,SO,64,6.797799991
61212,Cole,Raymond,Indiana,SO,63,6.800636781
90900,Owen,Forberg,Indiana,FR,58,6.817638644
104865,Andrew,Mangum,Indiana,SO,46,6.859667218
82877,Jasmine,Klopstad,Indiana,FR,7,6.989028796
74158,Andi,VanMeter,Indiana,SO,7,6.989167549
82882,Allie,Latta,Indiana,FR,6,6.993939043
41264,Matt,Rankin,Iona,JR,86,6.72214874
41263,Lachlan,Wellington,Iona,SR,86,6.723970139
110013,Duncan,Robinson,Iona,SO,84,6.73125216
32384,Damien,Dilcher,Iona,JR,83,6.733653282
108019,Oliver,Boltz,Iona,FR,80,6.744978231
91503,Conan,Harper,Iona,RS,76,6.756475988
77097,Aiden,Coles,Iona,SO,75,6.759724875
41266,Nick,Soldevere,Iona,SR,75,6.760305019
75195,Tadhg,Donnelly,Iona,JR,75,6.762193665
77098,Tristan,Coles,Iona,SO,74,6.76484533
77099,Scott,Fagan,Iona,SO,73,6.76922065
52825,Max,Mahon,Iona,JR,71,6.774355585
110632,Bradley,Giblin,Iona,FR,70,6.776977237
94757,Crock,Crockett,Iona,JR,70,6.777310974
62274,Peter,Fogarty,Iona,FR,65,6.792973607
41265,TJ,Harkins,Iona,JR,60,6.810315274
62277,Andrew,Fogarty,Iona,SO,58,6.81880438
41271,Nick,Hunziker,Iona,JR,50,6.845047596
94775,Christian,Audrin,Iona,SO,50,6.845211921
53613,Caleb,Deane,Iona,JR,47,6.85493863
62273,Jack,O'Keefe,Iona,SO,47,6.855532039
77106,Hunter,Wilson,Iona,SO,43,6.867663629
62286,Daniel,Shephard,Iona,SO,43,6.868369801
94786,Jack,Novelli,Iona,FR,36,6.893321351
110633,Caudell,Cajuste,Iona,FR,30,6.911211292
110634,Thomas,Bromley,Iona,FR,9,6.982957289
56182,Jack,Jennings,Tulane,SR,88,6.718545481
96405,Bernard,Cheruiyot,Tulane,FR,88,6.718758416
90798,Illia,Kunin,Tulane,SR,83,6.732502537
47496,Wondu,Summa,Tulane,SR,77,6.752653841
33774,Jordan,Bendura,Tulane,SR,74,6.764143163
35793,Ryan,Adkins,Tulane,SR,72,6.769977802
55188,Tucker,Poshard,Tulane,JR,68,6.784747981
82066,Juan,Giron,Tulane,SO,65,6.793133366
31309,Paul,Law,Tulane,SR,64,6.797383261
96406,Paul,Pam,Tulane,FR,60,6.810502272
82061,Albert,Tawil-Brown,Tulane,SO,59,6.815888058
63965,Arturs,Lapins,Tulane,JR,59,6.816241733
96410,Henry,Hammel,Tulane,FR,52,6.837629751
82069,Landon,Roemer,Tulane,RS,52,6.838208873
63975,Roman,Schrader,Tulane,JR,51,6.842418579
55193,Adam,Aldahir,Tulane,SR,42,6.87078728
82075,Parker,Orlowsky,Tulane,SO,34,6.900451309
43862,Murphy,Smith,Navy,SR,87,6.719777185
62093,Justin,Mumford,Navy,JR,82,6.736686534
43869,Alexander,Kirkland,Navy,SR,82,6.737248494
62094,Jackson,Nguyen,Navy,JR,80,6.743888288
43867,Luke,Nester,Navy,SR,79,6.747349949
102092,Patrick,Gandini,Navy,FR,76,6.758285546
62096,Matthew,Newell,Navy,JR,75,6.761012057
102049,James,Partlow,Navy,FR,71,6.775776346
86940,Logan,Flament,Navy,SO,70,6.779228917
102093,Dane,Eike,Navy,FR,69,6.780950237
70607,Nicolas,Valdivieso,Navy,SR,66,6.79125634
43873,Benjamin,Countiss,Navy,SR,66,6.792480416
76857,Owen,Ahten,Navy,SO,66,6.792754555
76866,Maximilian,Girardet,Navy,SO,65,6.793229977
43871,Carson,Sloat,Navy,SR,65,6.793884145
62157,Griffin,House,Navy,JR,57,6.820866671
43875,Sean,Miller,Navy,SR,56,6.824660527
86942,Aidan,Eberhardt,Navy,SO,55,6.82906709
92935,Zackery,Poekert,Navy,SO,54,6.833205282
93969,Trevor,Hayes,Navy,FR,53,6.833561529
93965,Jonathan,Skemp,Navy,FR,52,6.839251266
62129,Robert,Naberhaus,Navy,JR,52,6.839532241
86943,Caden,Ryskoski,Navy,SO,51,6.840561976
93964,William,Driscoll,Navy,FR,51,6.841019996
43872,William,Gravitt,Navy,SR,50,6.845764413
62097,Evan,Prince,Navy,SO,50,6.846716843
93966,Benjamin,Tucker,Navy,FR,49,6.847122579
43878,Jack,Lange,Navy,SR,48,6.852326292
92936,Tate,Frost,Navy,SO,47,6.853992195
93976,John,Maloney,Navy,FR,46,6.857455823
86944,Jacob,Crouch,Navy,SO,46,6.858567949
76875,Nicholas,Hamby,Navy,SO,46,6.860029269
93970,William,Johnson,Navy,FR,44,6.864785281
93973,Branum,Lloyd,Navy,FR,44,6.865537162
102051,Aidan,Kearns,Navy,FR,43,6.869182999
86947,Christopher,Seegobin,Navy,SO,43,6.870161824
102052,Matthew,Dunaski,Navy,JR,42,6.871575899
62105,Alexander,Dachos,Navy,JR,41,6.87557082
86945,Gregory,Ganor,Navy,FR,41,6.875594195
102054,Matthew,Quispe,Navy,FR,40,6.877686639
62121,Colter,Kirkland,Navy,JR,40,6.878418365
62123,Cooper,Branch,Navy,JR,39,6.880986028
93981,James,McCarron,Navy,FR,39,6.882470753
86946,Anthony,Engle,Navy,SO,36,6.891464674
102055,Leo,Cole,Navy,FR,34,6.899897428
93979,Luke,Doetschman,Navy,FR,32,6.906584249
92937,Joshua,Byun,Navy,SO,31,6.910440056
102056,Mason,Wokoma,Navy,FR,19,6.950081263
56182,Jack,Jennings,Tulane,SR,88,6.718545481
96405,Bernard,Cheruiyot,Tulane,FR,88,6.718758416
90798,Illia,Kunin,Tulane,SR,83,6.732502537
47496,Wondu,Summa,Tulane,SR,77,6.752653841
33774,Jordan,Bendura,Tulane,SR,74,6.764143163
35793,Ryan,Adkins,Tulane,SR,72,6.769977802
55188,Tucker,Poshard,Tulane,JR,68,6.784747981
82066,Juan,Giron,Tulane,SO,65,6.793133366
31309,Paul,Law,Tulane,SR,64,6.797383261
96406,Paul,Pam,Tulane,FR,60,6.810502272
82061,Albert,Tawil-Brown,Tulane,SO,59,6.815888058
63965,Arturs,Lapins,Tulane,JR,59,6.816241733
96410,Henry,Hammel,Tulane,FR,52,6.837629751
82069,Landon,Roemer,Tulane,RS,52,6.838208873
63975,Roman,Schrader,Tulane,JR,51,6.842418579
55193,Adam,Aldahir,Tulane,SR,42,6.87078728
82075,Parker,Orlowsky,Tulane,SO,34,6.900451309
66489,Max,Sannes,Air Force,JR,86,6.723318757
66494,Zach,Ayers,Air Force,JR,85,6.726104156
78624,Tanner,Lindahl,Air Force,JR,80,6.74300844
88578,Joshua,Razo,Air Force,SO,80,6.744294605
66491,Jayden,Nats,Air Force,RS,79,6.746454195
43253,Jason,Renze,Air Force,SR,77,6.754293449
66493,Will,Allen,Air Force,SO,77,6.755042749
106814,Saketh,Rudraraju,Air Force,FR,74,6.764913539
110509,Matthew,Edwards,Air Force,FR,73,6.768007398
88583,Benjamin,Davenport,Air Force,SO,71,6.772752737
66492,Brenton,Maddox,Air Force,RS,71,6.772952717
88577,Patrick,Lawson,Air Force,SO,70,6.777542737
88580,Roman,Thomas,Air Force,SO,69,6.779801151
66495,Ethan,Ashley,Air Force,JR,67,6.789510746
106815,Terrance,Allen,Air Force,FR,65,6.793971729
88582,Dominykas,Remeikis,Air Force,SO,65,6.794834609
106816,David,Sliwinski,Air Force,FR,65,6.796198112
98058,Ben,Scheller,Air Force,JR,61,6.806925927
106817,Alexander,Pinckney,Air Force,FR,61,6.808337909
106820,Cody,Kelley,Air Force,FR,57,6.823094849
106821,James,Patrick-Allen,Air Force,FR,52,6.839740078
88584,Joseph,White,Air Force,RS,34,6.900702221
53852,Cory,Kennedy,Colorado St.,SR,84,6.731127424
26637,Michael,Mooney,Colorado St.,SR,83,6.732440387
62297,Lars,Mitchel,Colorado St.,SR,82,6.736732521
83783,Sam,Griffith,Colorado St.,SR,79,6.748065214
89992,Chris,Henry,Colorado St.,SO,78,6.749651836
83779,Ben,Kirbo,Colorado St.,SO,73,6.766341098
96479,Trent,Nosky,Colorado St.,FR,72,6.76962072
83780,Benny,Randall,Colorado St.,JR,70,6.777210042
110510,Owen,Casselman,Colorado St.,FR,70,6.779134464
96481,Mateo,Delgadillo,Colorado St.,SO,66,6.79050638
89996,Jake,Wadas,Colorado St.,SO,66,6.79221898
10180,Cal,Banta,Colorado St.,SR,65,6.794369709
96482,Reuben,Holness,Colorado St.,FR,61,6.807367435
96483,Hunter,Strand,Colorado St.,FR,59,6.814103334
,Davis,Rydman,Colorado St.,FR,64,
,Nic,Spencer,Colorado St.,FR,60,
,Brett,Ephriam,Colorado St.,FR,57,
,Ethan,Mann,Colorado St.,FR,12,
75183,Joe,Hudson,Boise State,SR,85,6.72819084
80952,Tom,Graham-Marr,Boise State,SR,84,6.731611241
80949,Ned,Potter,Boise State,SR,81,6.741582876
80953,Christian,Graham,Boise State,RS,80,6.743564023
99148,Brian,Kiprotich,Boise State,SO,80,6.745560268
80950,Tom,Patrick,Boise State,SR,79,6.747940569
80951,Josh,Dickinson,Boise State,SR,78,6.752083701
40571,Max,Polak,Boise State,SO,77,6.754840346
40557,Aidan,Palmer,Boise State,JR,77,6.755713049
99150,Alex,Thompson,Boise State,SO,76,6.756432015
80956,Jack,Tolbert,Boise State,SO,74,6.764718531
80955,Fraser,Sproul,Boise State,FR,73,6.767066666
75185,Trent,Wigod,Boise State,SO,73,6.768476181
99149,Alex,Kilby,Boise State,JR,69,6.780800025
40550,Murdoch,McIntyre,Boise State,JR,69,6.781963491
46641,Matty,Mackay,Boise State,JR,66,6.792912878
99155,Jake,Drever,Boise State,SO,58,6.819592816
99156,Braylon,Baggett,Boise State,FR,54,6.832786599
82796,Douglas,Buckeridge,Purdue,SO,88,6.717534126
71671,Nathan,Walker,Purdue,JR,84,6.73195821
63704,Jason,Polydoris,Purdue,JR,78,6.750586851
82798,Kiefer,Bell,Purdue,SO,78,6.750708918
46881,Caleb,Williams,Purdue,SR,78,6.75185474
97294,Nerius,White,Purdue,SO,75,6.762139198
71672,Brady,Yoder,Purdue,JR,74,6.76432317
46886,Geno,Christofanelli,Purdue,SR,71,6.773622372
46884,Alex,Frey,Purdue,SR,66,6.789894256
82802,Quintin,Lowe,Purdue,SO,63,6.801365067
82804,Jaryn,Weinel,Purdue,SO,59,6.816487127
97296,Matthew,Helton,Purdue,FR,55,6.829820489
57055,Isaac,Alonzo,Texas,SR,88,6.716313815
68035,Nathanael,Berhane,Texas,JR,80,6.742481221
68034,Emmanuel,Sgouros,Texas,JR,80,6.745085917
68036,Logan,Patete,Texas,SR,78,6.751999156
34263,Samuel,Bass,Texas,JR,77,6.755388689
34265,Abraham,Avila-Martinez,Texas,JR,76,6.755999566
34272,Edward,(EJ)-Rush,Texas,SR,76,6.757834406
73547,Hudson,Heikkinen,Texas,JR,76,6.758012565
90522,Jack,Boyd,Texas,SO,75,6.759238778
45543,Nigusom,Knight,Texas,SR,73,6.766985285
34261,Rodger,Rivera,Texas,SR,73,6.767431725
90521,Antonio,Pena,Texas,SO,71,6.774673306
108239,Adam,Burlison,Texas,FR,69,6.779594437
90520,Hudson,Bennett,Texas,SO,69,6.782494422
78017,Henry,Coughlan,Texas,SO,68,6.785871042
92386,Jackson,Braddock,Texas,JR,66,6.791376158
78018,Nigusom,Knight,Texas,JR,65,6.796285336
110011,Luis,Pastor,Texas,SO,64,6.796485113
51413,Edwin,Gomez,Texas,JR,58,6.819778449
2334,Davis,Bove,Cal Poly,SR,89,6.712076407
90138,Chris,Caudillo,Cal Poly,SO,78,6.749124329
52039,Anthony,Guerra,Cal Poly,SR,78,6.749206576
96907,Rory,Catsimanes,Cal Poly,FR,77,6.753570226
52041,Aidan,McCarthy,Cal Poly,SR,77,6.753646979
52050,Colton,Swinth,Cal Poly,SR,76,6.75633013
72058,Michael,Chambers,Cal Poly,JR,73,6.766673123
96910,Bryce,Kueker,Cal Poly,JR,72,6.770563247
96908,Ethan,Miller,Cal Poly,FR,72,6.770614886
72057,Spencer,Pickren,Cal Poly,JR,72,6.772033632
107116,Jude,DeVries,Cal Poly,FR,70,6.778332125
82162,Oscar,Gomez,Cal Poly,FR,70,6.77890779
60176,Cayden,Hein,Cal Poly,SO,68,6.784364918
82167,Carson,Smith,Cal Poly,SO,68,6.785089841
96909,Micah,Sanchez,Cal Poly,FR,68,6.785539378
82164,Lewis,Westwood,Cal Poly,SO,66,6.789978914
52053,Rory,Smail,Cal Poly,JR,64,6.798732522
96911,Dheeraj,Gurusamy,Cal Poly,FR,63,6.801542935
90142,Tyler,Downs,Cal Poly,SO,60,6.811862022
82180,Jacob,Donohue,Cal Poly,FR,54,6.83299288
72060,Euan,Houston,Cal Poly,SO,53,6.834239044
28411,Christopher,Middleton-Pearson,Tennessee,JR,85,6.727350876
89005,Gabriel,Sanchez,Tennessee,SR,82,6.738441499
95448,Hudson,Betts,Tennessee,FR,80,6.743742096
49479,Will,Cahill,Tennessee,SR,79,6.745820092
95447,Pavel,Vinduska,Tennessee,FR,77,6.753661716
18008,Aaron,Jones,Tennessee,SR,77,6.754376929
89006,Jacob,Nenow,Tennessee,FR,76,6.756675385
8723,Zach,Jaeger,Tennessee,SR,76,6.75822741
18914,Yonas,Haile,Tennessee,SR,75,6.760463929
38958,Canaan,Anderson,Tennessee,SR,73,6.768156033
74479,Yordanos,Zelinski,Tennessee,FR,73,6.768286843
107973,Tommy,Rice,Tennessee,FR,70,6.779010363
89007,Brendan,Gomez,Tennessee,FR,69,6.780138691
83044,Brody,Chapman,Tennessee,SO,69,6.781140396
107978,Aidan,Ryan,Tennessee,FR,66,6.79003728
83046,Connor,Henson,Tennessee,FR,61,6.809645457
56725,Derek,Amicon,Cornell,SR,86,6.72429569
56719,Damian,Hackett,Cornell,SR,82,6.73678869
88336,Pierre,Attiogbe,Cornell,SO,82,6.737947894
88337,Matthew,O'Brien,Cornell,SO,76,6.758788211
59277,Jake,Gelfand,Cornell,JR,75,6.761142788
106070,Aryan,Abbaraju,Cornell,SO,72,6.769857294
61112,Tyler,Canaday,Cornell,JR,72,6.770988046
61117,Ryan,Johnson,Cornell,JR,70,6.777736587
108165,Peyton,Shute,Cornell,FR,69,6.781679453
61125,Quinn,Baker,Cornell,JR,65,6.795365542
106071,Douglas,Antaky,Cornell,FR,64,6.79629362
61110,James,Glebocki,Cornell,SO,64,6.797845662
61116,Zachary,Winnicki,Cornell,JR,64,6.798377391
76879,Rithikh,Prakash,Cornell,SO,62,6.803110069
61113,Kamran,Murray,Cornell,JR,61,6.808104583
76873,Adam,Martinson,Cornell,SO,60,6.810117613
59280,Andy,O'Brien,Cornell,SR,60,6.812181867
56721,Brady,Shute,Cornell,SR,60,6.812703002
56729,Tyler,Patterson,Cornell,SR,59,6.816312214
106073,Colin,Martens,Cornell,FR,57,6.822302919
76868,Alexander,Kasper,Cornell,JR,56,6.823449375
108166,Nick,Norris,Cornell,SR,54,6.831136045
76860,Tyler,Tisinger,Cornell,SO,54,6.832322839
56731,Jack,Lenz,Cornell,SR,48,6.850890563
108167,Luka,Bork,Cornell,FR,46,6.858176474
106072,Nick,Garcia-Whitko,Cornell,FR,45,6.863646036
110244,Asher,Patel,Cornell,FR,36,6.89393562
91404,Lucas,Corea,Cornell,SO,11,6.97769615
8710,Brett,Gardner,NC State,SR,87,6.719353671
34113,Daniel,McGoey,NC State,JR,84,6.729368621
14619,Toby,Gualter,NC State,SR,83,6.734114484
34102,John,Malach,NC State,SR,79,6.747844164
34115,Ian,Harrison,NC State,SR,78,6.751536609
87866,Ryan,Motondo,NC State,SO,76,6.756530638
8669,Kevin,Antczak,NC State,SR,76,6.758661383
108874,Noah,Valyo,NC State,FR,75,6.759948564
82322,Wesley,Larson,NC State,JR,75,6.761868801
34107,Jake,Toomey,NC State,SR,72,6.771768436
74447,Matthew,Bogdan,NC State,SO,71,6.774008735
72937,Miles,Ally,NC State,SR,67,6.789113569
87867,Jimmy,Mullarkey,NC State,SO,66,6.792456287
87865,Patrick,Gibbons,NC State,SO,64,6.798306153
74470,Travis,Koekemoer,NC State,SR,63,6.800539964
108838,Marco,Evans,NC State,FR,61,6.807036478
106340,Elliott,McArthur,NC State,FR,60,6.811146759
28401,Santiago,Gaitan,Southern Utah,SR,84,6.728910113
28397,Travis,Feeny,Southern Utah,SR,80,6.743473906
84749,Jacob,Peterson,Southern Utah,SO,79,6.748676824
52823,Coleman,Cragun,Southern Utah,SR,78,6.750612977
52824,Hayden,Harward,Southern Utah,SR,77,6.752722062
72059,Lanse,Larsen,Southern Utah,JR,72,6.769854827
84758,Logan,Peel,Southern Utah,SO,68,6.783835079
72145,Nathan,Carlin,Southern Utah,JR,67,6.788446405
72152,Bowen,Martin,Southern Utah,JR,66,6.789748432
52833,Max,Jones,Southern Utah,SR,66,6.792134272
51543,Garrison,Shindler,Southern Utah,JR,62,6.806329192
96785,Cory,Bunker,Southern Utah,FR,58,6.819066434
107121,Brock,Jensen,Southern Utah,FR,56,6.824891553
84765,Gabriel,Romney,Southern Utah,JR,56,6.826279765
96779,James,Butterfield,Southern Utah,FR,53,6.834445138
41194,Clayton,Adams,Southern Utah,SR,53,6.83553674
67002,Nethaneel,Taylor,Southern Utah,JR,52,6.83687768
72151,Camden,Cox,Southern Utah,SO,52,6.838758908
96801,Brady,Bettridge,Southern Utah,SO,47,6.855976792
96797,Kadan,Allen,Southern Utah,FR,42,6.871419955
84770,Bailey,Oswald,Southern Utah,FR,38,6.884667601
92198,Kenneth,Edwards,Southern Utah,FR,38,6.886752763
90899,Francois,Guilhot,Loyola (Ill.),SR,85,6.728762289
75488,Jason,Clayton,Loyola (Ill.),JR,83,6.732313394
62872,James,Lawrence,Loyola (Ill.),SR,82,6.736313393
65490,Miguel,Abaitua,Loyola (Ill.),SR,79,6.746417059
106446,Miles,Clisham,Loyola (Ill.),SR,78,6.751249482
87605,Jake,Phillips,Loyola (Ill.),SO,77,6.755079326
60135,Gabe,Smit,Loyola (Ill.),SR,76,6.756867723
87603,Cael,Mulholland,Loyola (Ill.),SO,73,6.766874088
87606,Nate,Boutin,Loyola (Ill.),RS,73,6.769210747
90895,Woody,Jerome,Loyola (Ill.),SO,72,6.769397067
89986,Samuel,Field,Loyola (Ill.),SR,71,6.774739535
87609,Gabe,Ryan,Loyola (Ill.),SO,67,6.787107805
53044,Fionn,Harrington,Loyola (Ill.),JR,65,6.794085639
106448,Izak,Bibile,Loyola (Ill.),FR,61,6.808190761
95473,River,Santiago,Loyola (Ill.),FR,61,6.809354647
81509,James,Howell,Loyola (Ill.),SO,53,6.83383416
81508,Aidan,Collins,Loyola (Ill.),SO,48,6.851582817
81503,Trent,Anderson,Loyola (Ill.),SO,48,6.851728062
81507,Jack,Slaughter,Loyola (Ill.),JR,47,6.854688693
95480,Kyle,Knutson,Loyola (Ill.),SO,39,6.882067111
107970,Nickson,Chebii,Auburn,FR,87,6.720875839
16586,Ryan,Kinnane,Auburn,SR,86,6.723278087
79804,Max,Hardin,Auburn,SO,79,6.74634554
16578,Carson,Bedics,Auburn,SR,76,6.759156477
72587,Louis,O'Loughlin,Auburn,SR,71,6.774018887
107974,Evan,Hill,Auburn,SO,71,6.774028478
79806,Hayden,Judge,Auburn,SR,68,6.78430511
46052,Cooper,Atkins,Auburn,SR,68,6.784834036
87043,Fuji,Anday,Auburn,SR,66,6.79123482
40890,Dustyn,Lewis,Auburn,JR,65,6.794465336
65106,Joseph,Perry,Auburn,JR,64,6.797012043
65110,Ethan,Snyder,Auburn,SO,60,6.812593674
46060,Benson,Atkins,Auburn,SR,57,6.821010973
90899,Francois,Guilhot,Loyola (Ill.),SR,85,6.728762289
75488,Jason,Clayton,Loyola (Ill.),JR,83,6.732313394
62872,James,Lawrence,Loyola (Ill.),SR,82,6.736313393
65490,Miguel,Abaitua,Loyola (Ill.),SR,79,6.746417059
106446,Miles,Clisham,Loyola (Ill.),SR,78,6.751249482
87605,Jake,Phillips,Loyola (Ill.),SO,77,6.755079326
60135,Gabe,Smit,Loyola (Ill.),SR,76,6.756867723
87603,Cael,Mulholland,Loyola (Ill.),SO,73,6.766874088
87606,Nate,Boutin,Loyola (Ill.),RS,73,6.769210747
90895,Woody,Jerome,Loyola (Ill.),SO,72,6.769397067
89986,Samuel,Field,Loyola (Ill.),SR,71,6.774739535
87609,Gabe,Ryan,Loyola (Ill.),SO,67,6.787107805
53044,Fionn,Harrington,Loyola (Ill.),JR,65,6.794085639
106448,Izak,Bibile,Loyola (Ill.),FR,61,6.808190761
95473,River,Santiago,Loyola (Ill.),FR,61,6.809354647
81509,James,Howell,Loyola (Ill.),SO,53,6.83383416
81508,Aidan,Collins,Loyola (Ill.),SO,48,6.851582817
81503,Trent,Anderson,Loyola (Ill.),SO,48,6.851728062
81507,Jack,Slaughter,Loyola (Ill.),JR,47,6.854688693
95480,Kyle,Knutson,Loyola (Ill.),SO,39,6.882067111
96343,Evans,Kurui,Washington St.,FR,90,6.710749796
42050,Brian,Barsaiya,Washington St.,SR,81,6.739000119
51572,Leif,Swanson,Washington St.,SR,78,6.751811911
57443,Kelvin,Limo,Washington St.,SR,76,6.756072784
78345,Evan,Bruce,Washington St.,SO,71,6.774741209
67737,Kyle,Ortega-Gammill,Washington St.,JR,71,6.775375072
78344,Micah,Galeana,Washington St.,FR,70,6.777507604
96344,Leo,Cook,Washington St.,FR,66,6.790028622
67743,Grayson,Wilcott,Washington St.,JR,66,6.791782206
67740,Aiden,Emerson,Washington St.,JR,65,6.795434353
40352,Jacob,Easton,Washington St.,SR,63,6.801753824
78346,Eric,Swedin,Washington St.,SO,62,6.805662042
96345,Ethan,Werner,Washington St.,FR,61,6.8064473
96346,Micaiah,Aden,Washington St.,FR,60,6.809945298
40353,Ethan,Martin,Washington St.,SR,56,6.824658737
67745,Ferran,Verges,Washington St.,JR,56,6.825655738
88146,Kellen,Langford,Washington St.,FR,53,6.834821875
78347,Emmett,Klus,Washington St.,JR,50,6.844338407
40350,Cooper,Cortinas,Washington St.,JR,50,6.844918506
67744,Alec,Barran,Washington St.,JR,49,6.848766938
78348,Christopher,Bett,Washington St.,FR,48,6.851918691
67742,Brandon,Moore,Washington St.,SO,39,6.88239481
54670,Isaiah,Lowery,Washington St.,JR,34,6.90032022
48859,Dylan,Throop,Penn,SR,89,6.713821363
48860,Luke,Johnson,Penn,SR,84,6.730755577
70609,Sahil,Dodda,Penn,JR,77,6.755578075
77767,Nicholas,Carpenter,Penn,SO,73,6.768500383
72731,Dennis,Fortuna,Penn,JR,73,6.76850138
48862,Troy,Hill,Penn,JR,72,6.772339273
87650,George,Keen,Penn,SO,71,6.774564631
48867,Edwin,Klanke,Penn,JR,67,6.789201939
77766,Rory,Lieberman,Penn,FR,66,6.790639238
104425,Joseph,Ruiz,Penn,FR,66,6.792196465
75552,Silas,Ruth,Penn,JR,65,6.795069008
104422,Shane,Murphy,Penn,FR,64,6.799636059
72735,Liam,Going,Penn,JR,63,6.800015856
48854,William,Shaughnessy,Penn,SR,62,6.804413813
56185,Vidhur,Polam,Penn,SR,61,6.808155424
104420,Esfan,Daya,Penn,FR,60,6.810991611
104415,Raghav,Gopalakrishnan,Penn,FR,60,6.813092968
100108,Diego,Mendez-Colon,Penn,FR,59,6.81503834
87651,Sebastian,Pizarro,Penn,SO,53,6.835810466
77771,Kofi,Fordjour,Penn,SO,52,6.839241949
100112,Brady,Golomb,Penn,FR,51,6.843284654
77776,Brian,Gent,Penn,SO,43,6.869295219
48884,Charlie,King,Penn,JR,43,6.869546626
100119,Nathan,Blades,Penn,FR,41,6.874457628
72736,Nicolas,Pizarro,Penn,SO,39,6.880703979
87652,Denis,Gallagher,Penn,JR,39,6.882357475
56202,Titus,Bretzke,Penn,JR,38,6.884997769
72739,Kyle,Miller,Penn,JR,38,6.885499461
72737,Holden,Emery,Penn,JR,37,6.888715701
109166,Alexander,Boyko,Penn,SO,34,6.899168536
48859,Dylan,Throop,Penn,SR,89,6.713821363
48860,Luke,Johnson,Penn,SR,84,6.730755577
70609,Sahil,Dodda,Penn,JR,77,6.755578075
77767,Nicholas,Carpenter,Penn,SO,73,6.768500383
72731,Dennis,Fortuna,Penn,JR,73,6.76850138
48862,Troy,Hill,Penn,JR,72,6.772339273
87650,George,Keen,Penn,SO,71,6.774564631
48867,Edwin,Klanke,Penn,JR,67,6.789201939
77766,Rory,Lieberman,Penn,FR,66,6.790639238
104425,Joseph,Ruiz,Penn,FR,66,6.792196465
75552,Silas,Ruth,Penn,JR,65,6.795069008
104422,Shane,Murphy,Penn,FR,64,6.799636059
72735,Liam,Going,Penn,JR,63,6.800015856
48854,William,Shaughnessy,Penn,SR,62,6.804413813
56185,Vidhur,Polam,Penn,SR,61,6.808155424
104420,Esfan,Daya,Penn,FR,60,6.810991611
104415,Raghav,Gopalakrishnan,Penn,FR,60,6.813092968
100108,Diego,Mendez-Colon,Penn,FR,59,6.81503834
87651,Sebastian,Pizarro,Penn,SO,53,6.835810466
77771,Kofi,Fordjour,Penn,SO,52,6.839241949
100112,Brady,Golomb,Penn,FR,51,6.843284654
77776,Brian,Gent,Penn,SO,43,6.869295219
48884,Charlie,King,Penn,JR,43,6.869546626
100119,Nathan,Blades,Penn,FR,41,6.874457628
72736,Nicolas,Pizarro,Penn,SO,39,6.880703979
87652,Denis,Gallagher,Penn,JR,39,6.882357475
56202,Titus,Bretzke,Penn,JR,38,6.884997769
72739,Kyle,Miller,Penn,JR,38,6.885499461
72737,Holden,Emery,Penn,JR,37,6.888715701
109166,Alexander,Boyko,Penn,SO,34,6.899168536
104467,Collins,Kiprop-Kipngok,Kentucky,FR,87,6.721840211
87042,Edward,Bird,Kentucky,SO,85,6.726040502
47720,Jackson,Watts,Kentucky,SR,75,6.759285462
104472,Jack,Pendergast,Kentucky,SR,74,6.762767159
87044,Alex,Alston,Kentucky,SO,71,6.774431126
38951,Harper,Moore,Kentucky,JR,70,6.778490847
84842,Caden,Miracle,Kentucky,SO,69,6.780339048
38950,Ethan,Kern,Kentucky,JR,69,6.780426955
72586,Miles,Brush,Kentucky,SO,68,6.784648074
84843,Sami,Hattab,Kentucky,SO,65,6.795757101
47716,Alex,Justus,Kentucky,SR,65,6.795987237
63773,Cade,Byer,Kentucky,JR,64,6.797314988
96553,Caden,Weber,Kentucky,FR,63,6.800042896
104480,Max,Liao,Kentucky,FR,63,6.800174372
96554,William,Russell,Kentucky,SO,63,6.802391907
47724,Theo,Bachmann,Kentucky,SO,62,6.80459864
96555,Liam,Naughton,Kentucky,FR,59,6.813820078
63774,Blake,Byer,Kentucky,SO,56,6.823802982
104585,William,Sinclair,Illinois State,SR,85,6.726313015
40015,Mathis,Chavand,Illinois State,JR,84,6.731328868
57603,Zack,Loomis,Illinois State,SR,78,6.749134886
67100,Yusuf,Baig,Illinois State,JR,74,6.763738867
88171,Nick,Doud,Illinois State,SR,68,6.785156141
79425,Blake,Oleson,Illinois State,SO,67,6.788430322
98302,Julian,Baker,Illinois State,FR,64,6.797716722
67104,Jeff,Luka,Illinois State,JR,62,6.806217625
79423,Dylan,Myers,Illinois State,SO,59,6.814917036
79427,Noah,Penry,Illinois State,SR,58,6.817363511
79422,Ethan,Reynoso,Illinois State,SO,57,6.822883336
98307,Josh,Weeks,Illinois State,FR,56,6.825409129
98305,Luke,Barham,Illinois State,FR,56,6.825765813
39764,Andrew,Englert,Illinois State,JR,54,6.833025158
98306,Will,Gelon,Illinois State,FR,52,6.83682668
46498,Charlie,Kistner,Illinois State,JR,50,6.846554617
79428,Nathan,Virginelli,Illinois State,SO,49,6.849285161
67106,Tedros,Mekonen,Illinois State,FR,44,6.865970239
67103,Garrett,Slack,Illinois State,SO,44,6.866821987
98308,Owen,O'Shea,Illinois State,FR,40,6.879368163
79429,Carter,Smott,Illinois State,SO,38,6.88589771
98183,Weston,Day,Ohio State,FR,81,6.741609022
30526,Zubin,Jha,Ohio State,SR,80,6.74422901
46956,Kevin,Agnew,Ohio State,JR,79,6.748093975
98182,Jack,Agnew,Ohio State,FR,74,6.763073274
83170,Liam,Shaughnessy,Ohio State,SO,74,6.763747601
59034,Kaleb,Martin,Ohio State,SR,73,6.767857632
63841,Colby,Adams,Ohio State,JR,72,6.769701567
74339,Keegan,Freyhof,Ohio State,JR,72,6.769973818
98184,Connor,Long,Ohio State,FR,72,6.772593399
46957,Sean,Carney,Ohio State,SR,71,6.775933223
83173,Zach,Beneteau,Ohio State,JR,63,6.80196116
30530,John,Cuozzo,Ohio State,SR,62,6.804657092
63838,Keegan,Souhan,Ohio State,JR,60,6.810104638
30534,Alex,Dediu,Ohio State,JR,57,6.821771526
83177,Will,McGraw,Ohio State,SO,54,6.833314836
92381,Brian,DiCola,Penn State,SO,84,6.731581691
38954,Jake,Allen,Penn State,SR,79,6.746895461
100575,Nick,Sloff,Penn State,FR,79,6.7479097
79032,Ryan,Watson,Penn State,SO,75,6.760014303
79034,Brendan,Flynn,Penn State,SO,72,6.771836805
66812,Hayden,Healey,Penn State,JR,71,6.773740042
79033,Caiden,Leen,Penn State,SO,70,6.776584889
66811,Justin,Healey,Penn State,JR,70,6.779325256
100578,T.J.,Roden,Penn State,FR,69,6.781128168
109121,Tyler,Rader,Penn State,FR,68,6.784447088
30537,Tanner,Piotrowski,Penn State,SR,67,6.787530459
100576,Logan,Strawser,Penn State,FR,67,6.788099525
66810,Brendan,Colwell,Penn State,JR,65,6.793734085
66814,Christopher,DeSousa,Penn State,JR,64,6.797569401
100577,Andrew,McGonigle,Penn State,FR,64,6.798655484
70606,Jonah,Powell,Penn State,JR,63,6.800261065
66813,Yukichi,Ishii,Penn State,RS,59,6.813460979
100579,Jake,Borgesi,Penn State,FR,58,6.816573893
79035,Cole,Adams,Penn State,JR,54,6.831297435
88508,Mohamed,Guled,Utah Valley,SR,87,6.719213437
40722,Austin,Hone,Utah Valley,SR,78,6.750707365
84747,Gilbert,Olivas,Utah Valley,SR,75,6.760530421
96771,Wyatt,Mortenson,Utah Valley,FR,75,6.762472899
84537,Abdulsalam,Farah,Utah Valley,JR,73,6.766551362
67001,Adam,Bunker,Utah Valley,JR,72,6.771504614
73551,Andrew,Blackham,Utah Valley,SR,69,6.779994413
96772,Tate,James,Utah Valley,FR,69,6.780582361
84748,Giovanni,Ramirez,Utah Valley,JR,66,6.791743013
106408,Trey,Despain,Utah Valley,FR,66,6.792088199
27484,Caleb,Ream,Utah Valley,JR,64,6.796533615
66999,Jason,Hoffman,Utah Valley,SR,64,6.798305201
96773,Cayden,Tupper,Utah Valley,JR,63,6.801321093
104617,Alex,Hartshorn,Utah Valley,FR,61,6.806651775
84752,Landon,Hart,Utah Valley,FR,58,6.819293589
84761,Pierce,Vittone,Utah Valley,SR,57,6.821580599
88255,Mack,Waite,Utah Valley,SO,56,6.825418424
28119,Henry,Giles,Utah Valley,JR,55,6.827170142
110317,Mason,Braithwaite,Utah Valley,SO,54,6.830788477
84762,Seth,Thompson,Utah Valley,FR,54,6.831159665
96786,Tyler,Nielsen,Utah Valley,FR,53,6.836133209
96787,Kai,Olsen,Utah Valley,FR,52,6.838643274
96805,Chase,Pack,Utah Valley,FR,50,6.845136057
84541,Seth,Robertson,Utah Valley,FR,48,6.853383166
84544,Bridger,McCurdy,Utah Valley,FR,47,6.855622079
96809,Ty,Jacobs,Utah Valley,FR,41,6.874460916
70999,Jacob,Egan,Utah Valley,SR,33,6.901229964
84546,Miles,Roberts,Utah Valley,SO,31,6.909317557
64410,Emmet,Anderson,Minnesota,JR,80,6.744891684
56622,Lucas,Florsheim,Minnesota,SR,79,6.747006667
97570,Aidan,Jones,Minnesota,FR,77,6.752855024
57752,Noah,Kohut-Jackson,Minnesota,SR,77,6.755431889
82545,Shane,Greipentrog,Minnesota,SO,74,6.763956639
97568,Tanner,Klumph,Minnesota,SO,73,6.766449501
82549,Daniel,VanAcker,Minnesota,SO,72,6.772465222
64412,Leo,Goodman,Minnesota,JR,69,6.779460767
82546,Griffin,Ward,Minnesota,FR,68,6.785899705
97567,Emmett,Gerres,Minnesota,FR,66,6.789718915
82548,Aaron,Leavens,Minnesota,JR,65,6.793042414
108877,Finn,McCormick,Minnesota,FR,63,6.801375352
82547,Owen,Lindseth,Minnesota,SO,56,6.824239284
97575,Samuel,Fish,Minnesota,FR,55,6.828325636
110055,Cameron,Stocke,Minnesota,FR,51,6.842058461
62189,Victor,Kibiego,Texas A&M,JR,87,6.719423984
81334,Zack,Munger,Texas A&M,SO,80,6.744537662
95363,Gilbert,Rono,Texas A&M,FR,79,6.74588432
81332,Jack,Johnston,Texas A&M,SO,79,6.748824451
35389,Jonathan,Chung,Texas A&M,SR,77,6.754944929
35388,Cooper,Cawthra,Texas A&M,SR,74,6.763729584
87047,Luca,Santorum,Texas A&M,SO,73,6.768052907
81333,Aiden,Gonzalez-Rodiles,Texas A&M,SO,73,6.768904769
35392,Joseph,Benn,Texas A&M,JR,71,6.775431968
95360,Carter,Gordy,Texas A&M,FR,69,6.781384909
109772,Ondrej,Gajdos,Texas A&M,FR,68,6.785641698
81339,Diego,Heredia,Texas A&M,SO,66,6.789826911
81338,Hunter,Jackson,Texas A&M,SO,65,6.79486987
81340,Noah,Willows,Texas A&M,SO,64,6.797520056
35399,Siddharth,Jayaraman,Texas A&M,JR,60,6.810620101
96366,Patrick,Kiprop,Cincinnati,FR,92,6.702108963
61208,Seth,Elking,Cincinnati,JR,75,6.760006331
1343,Jed,Helker,Cincinnati,SR,74,6.76295113
96370,Lucas,Towne,Cincinnati,FR,74,6.764047153
96367,Tiger,Bartlett,Cincinnati,FR,71,6.775456021
89993,Isaac,Schachleiter,Cincinnati,SO,71,6.775751969
89988,Gianni,Allwein,Cincinnati,SO,71,6.775938057
61210,Bobby,Ganser,Cincinnati,JR,70,6.777752528
89990,Thomas,Ashby,Cincinnati,SO,69,6.779533457
91516,Wyatt,Houchens,Cincinnati,SO,66,6.792047996
96371,Jacob,Sebaugh,Cincinnati,FR,61,6.807684679
61209,Collin,Stevens,Cincinnati,SO,59,6.813349704
46936,Jack,Barchet,Cincinnati,JR,58,6.816863984
67101,Alex,Partlow,Illinois,JR,81,6.740501685
101404,Joshua,Daggett,Illinois,JR,77,6.753146604
67098,Brady,Masters,Illinois,JR,76,6.758230696
30516,Tyler,Cushing,Illinois,SR,76,6.758499679
101405,Stephen,Moody,Illinois,SR,76,6.758552534
92549,William,Merrick,Illinois,JR,75,6.759367737
30535,Anthony,Maida,Illinois,SR,75,6.762366967
57600,Nicolas,Dovalovsky,Illinois,SR,71,6.774453174
67099,Evan,Cummins,Illinois,SR,66,6.792848399
90818,Kyle,Clark,Illinois,SO,62,6.804048979
78621,Shawn,Juliette,Illinois,JR,60,6.812863301
59807,Abdel,Laadjel,Providence,SR,86,6.723664809
57639,Michael,Morgan,Providence,SR,82,6.736163818
52122,Patrick,Thygesen,Providence,SR,78,6.749318941
100655,Cormac,Dixon,Providence,FR,78,6.752341845
40497,Liam,Back,Providence,SR,74,6.763241913
75858,Luke,Coffin,Providence,SO,73,6.768001492
40509,Shane,Coffey,Providence,SR,72,6.769853753
100656,Liam,McCay,Providence,FR,66,6.790758047
75853,Zane,Powell,Providence,SO,66,6.792583794
100657,William,Johnston,Providence,FR,64,6.799506381
75861,Grady,Satterfield,Providence,JR,59,6.816509546
81191,Tyler,Bartlett,Providence,SO,58,6.817945413
109383,Ryan,LoCicero,Providence,FR,58,6.818665444
81189,Nicholas,Cassarino,Providence,SO,56,6.824450741
52132,Aidan,Higley,Providence,SR,56,6.825318069
57656,Josh,Lewin,Providence,SR,53,6.836309153
74282,Jacob,Hefele,Providence,SR,49,6.848472885
110227,Ryan,Welch,Providence,FR,43,6.867574676
75854,Ryan,Bush,Providence,FR,31,6.909220725
81193,Owen,Comiskey,Providence,SO,21,6.943367835
81194,Joshua,Jerskey,Providence,FR,13,6.971360352
81670,Carson,Noecker,South Dakota St.,SO,87,6.720899219
70670,Cody,Larson,South Dakota St.,JR,77,6.754871708
59003,Josh,Becker,South Dakota St.,SR,77,6.754916965
110022,Eli,Hall,South Dakota St.,FR,73,6.769027574
70671,Ben,Anteau,South Dakota St.,SO,72,6.771127985
97227,Brandon,Kampsen,South Dakota St.,FR,72,6.772424698
81672,Will,Lohr,South Dakota St.,SO,69,6.779499227
66192,Cormick,Logue,South Dakota St.,JR,69,6.780740822
81674,Jackson,Dutcher,South Dakota St.,SO,67,6.786223807
81676,Christian,Noble,South Dakota St.,SO,66,6.791059487
54598,Nathan,Notgrass,South Dakota St.,SR,63,6.801022833
106410,Dale,Johnson,South Dakota St.,FR,63,6.801712706
81682,Luke,Johnson,South Dakota St.,SO,61,6.807832477
86195,Cashton,Johnson,South Dakota St.,FR,57,6.820371215
97232,Tyler,O'Neil,South Dakota St.,SO,49,6.849425665
106411,Will,Harder,South Dakota St.,FR,38,6.885256817
98987,Allan,Kiplagat,Mid. Tenn. State,FR,89,6.713524911
84451,Brian,Kiptoo,Mid. Tenn. State,JR,83,6.734229067
104481,Jacinto,Gaspar,Mid. Tenn. State,JR,73,6.769138685
62471,Vincent,Yegon,Mid. Tenn. State,JR,72,6.771828214
45473,Carmelo,Cannizzaro,Mid. Tenn. State,SR,70,6.779263807
84458,Juan,Lucas-De-La-Fluente,Mid. Tenn. State,SO,62,6.80627715
98997,Sammy,Sang,Mid. Tenn. State,FR,58,6.816779883
99004,Brendan,Nagle,Mid. Tenn. State,FR,49,6.847336417
84468,Quinn,Deguira,Mid. Tenn. State,SO,46,6.859787431
84476,Wail,Bourahli,Mid. Tenn. State,JR,43,6.86829153
87048,Ben,Jones,Mid. Tenn. State,FR,41,6.873977366
84492,Michael,Mendonca,Mid. Tenn. State,FR,30,6.913706097
84502,Trent,Rasmussen,Mid. Tenn. State,FR,26,6.927543624
44644,Talha,Syed,Columbia,SR,85,6.727241291
76675,Charlie,Siebert,Columbia,SR,79,6.746409703
44660,Owen,Lockyer,Columbia,SR,77,6.755684213
74803,Matt,Gatune,Columbia,JR,73,6.767491695
76676,Finneas,Colescott,Columbia,SO,72,6.769638917
72808,Edward,Blaha,Columbia,JR,72,6.770622512
44647,Gavin,White,Columbia,SR,72,6.771093119
44642,Jack,Bennett,Columbia,JR,72,6.772601508
72502,Walker,Beverly,Columbia,JR,69,6.781647428
104416,Brady,Hill,Columbia,FR,69,6.782168085
104408,Henry,Koike-Sieira,Columbia,FR,69,6.782171844
72801,Owen,Nelson,Columbia,SR,68,6.784437802
72804,Brett,Bishop,Columbia,JR,68,6.78556227
72807,Jack,Casey,Columbia,JR,65,6.793261243
44654,Ryan,Borden,Columbia,SR,63,6.801381606
76677,Ben,Bergey,Columbia,SO,61,6.809534379
76678,Quentin,Ryan,Columbia,SO,60,6.812591692
72507,George,Blaha,Columbia,JR,57,6.822574918
109162,Ralph,Brown,Columbia,FR,53,6.833929852
44666,Caleb,Gartner,Columbia,SR,53,6.836016958
104423,Ryan,Son,Columbia,FR,51,6.842930356
76683,Tyler,Tubman,Columbia,SO,50,6.844641315
76680,Jacob,Van-Orden,Columbia,JR,47,6.856655811
76684,Nicholas,Hayden,Columbia,SO,45,6.861590724
76686,Justin,Gottlieb,Columbia,SO,43,6.868230606
102406,Jonah,Aden,Columbia,JR,37,6.890127207
109575,Marc,Dabby,Columbia,SO,34,6.898082108
81670,Carson,Noecker,South Dakota St.,SO,87,6.720899219
70670,Cody,Larson,South Dakota St.,JR,77,6.754871708
59003,Josh,Becker,South Dakota St.,SR,77,6.754916965
110022,Eli,Hall,South Dakota St.,FR,73,6.769027574
70671,Ben,Anteau,South Dakota St.,SO,72,6.771127985
97227,Brandon,Kampsen,South Dakota St.,FR,72,6.772424698
81672,Will,Lohr,South Dakota St.,SO,69,6.779499227
66192,Cormick,Logue,South Dakota St.,JR,69,6.780740822
81674,Jackson,Dutcher,South Dakota St.,SO,67,6.786223807
81676,Christian,Noble,South Dakota St.,SO,66,6.791059487
54598,Nathan,Notgrass,South Dakota St.,SR,63,6.801022833
106410,Dale,Johnson,South Dakota St.,FR,63,6.801712706
81682,Luke,Johnson,South Dakota St.,SO,61,6.807832477
86195,Cashton,Johnson,South Dakota St.,FR,57,6.820371215
97232,Tyler,O'Neil,South Dakota St.,SO,49,6.849425665
106411,Will,Harder,South Dakota St.,FR,38,6.885256817
53657,Leo,Brewer,Yale,SR,80,6.744008072
73943,Owen,Karas,Yale,JR,78,6.750285034
69077,Kenan,Pala,Yale,JR,77,6.754185053
12853,Stephen,Moody,Yale,JR,76,6.757196346
53659,Winslow,Atkeson,Yale,SR,75,6.759880533
53655,Varun,Oberai,Yale,SR,75,6.761156486
86851,Daegan,Cutter,Yale,SO,74,6.764588228
53666,Martin,Riddell,Yale,JR,71,6.773347806
69082,Jack,Sendek,Yale,SR,69,6.77950175
53658,Calvin,Katz,Yale,SR,69,6.781490949
90648,Ronan,Luff,Yale,SO,69,6.782558168
69076,Braden,King,Yale,JR,68,6.785894522
90644,Brian,Gamble,Yale,SO,66,6.790127695
100533,Lucas,Cohen,Yale,FR,65,6.79318198
90645,Alex,Mader,Yale,JR,65,6.793207224
73953,Tanish,Chettiar,Yale,JR,61,6.80729583
100534,Seb,Sutch,Yale,FR,59,6.814618165
53667,Austin,Montini,Yale,SR,58,6.817812335
90646,Will,Sheehy,Yale,JR,54,6.830765487
109816,Amare,Fields,Yale,SO,54,6.832261734
100535,Connor,Hom,Yale,FR,54,6.832927587
53656,Elon,Abergel,Yale,SR,53,6.836501202
106919,Matthew,Schutzbank,Yale,FR,52,6.837867363
100536,Keeran,Murray,Yale,FR,50,6.846716937
100537,Benny,Seidman,Yale,SO,49,6.848687132
90647,Caden,Montini,Yale,SO,48,6.852050538
100539,Liam,Sullivan,Yale,SO,42,6.872309162
109817,Max,Bishop,Yale,FR,41,6.875987458
106920,Jack,Diaz,Yale,SO,39,6.882244751
49528,Ian,Kibiwot,Louisville,JR,91,6.706596428
104469,Geoffrey,Kirwa,Louisville,FR,85,6.728620713
104476,Gustav,Bendsen,Louisville,SO,72,6.772419298
91506,Innocent,Ntwali,Louisville,SO,70,6.778578091
71675,Jack,Moore,Louisville,JR,68,6.783892454
49529,Ethan,Meyer,Louisville,SR,68,6.785585964
71678,Spenser,Wolf,Louisville,SO,66,6.791831469
91504,Jack,Stansell,Louisville,SR,66,6.792869267
92952,Lucas,Reguinho,Louisville,SO,64,6.797873944
104483,Josiah,Hortin,Louisville,FR,63,6.802152825
104486,Gavin,Rockwell,Louisville,FR,58,6.817571307
74131,Chip,Smith,Louisville,SO,56,6.825894379
49531,Ryan,Farrell,Louisville,JR,55,6.827873223
8737,Jason,Krell,Louisville,JR,54,6.830902031
84845,Mateo,Mendez,Louisville,SO,53,6.83507816
84847,Jacob,Puhalla,Louisville,SO,52,6.836812569
71685,Forest,MacKenzie,Louisville,SR,40,6.878120495
96556,Dylan,Christian,Louisville,JR,39,6.883919549
49533,Zachary,Cader,Louisville,JR,38,6.884112748
74130,JB,Terrill,Louisville,JR,34,6.899242351
84850,Colin,Lakomek,Louisville,FR,24,6.934164652
105261,Dominic,Serem,Toledo,FR,89,6.712389043
90896,Joad,Martinho,Toledo,SO,79,6.746457956
82032,Loann,Brelivet,Toledo,SO,73,6.765996312
64880,Dennis,Mutai,Toledo,SR,72,6.771003365
64882,Joshuah,Taylor,Toledo,JR,70,6.776805375
56057,Geoff,Howles,Toledo,SR,67,6.787452212
64888,Charles,Kipchumba,Toledo,JR,63,6.800378326
93040,Peter,McMahon,Toledo,SO,63,6.801646091
14640,Ben,Towler,Toledo,JR,62,6.806170734
14645,Jonathon,Hrivnak,Toledo,JR,61,6.806631087
90901,Max,Matolin,Toledo,JR,60,6.812941599
98190,Alex,Martinez,Toledo,FR,57,6.820210353
79449,Sean,Smith,Toledo,SR,56,6.823346875
48418,Gavin,Lammers,Toledo,SO,50,6.844279855
105265,Tesfaye,Young,Toledo,FR,49,6.847358149
79515,Abinur,Yohaness,Toledo,FR,47,6.854701409
79478,Aiden,Lengel,Toledo,FR,46,6.859506512
14660,Xavier,Gallo,Toledo,JR,42,6.873616774
64890,Avery,Casillas,Toledo,SO,34,6.89877916
95353,Thobias,Cheruiyot,Oklahoma,FR,87,6.719619043
67953,Colin,Caso,Oklahoma,SR,78,6.749673199
34269,Fernando,Morales,Oklahoma,SR,76,6.757894354
28416,Jack,Vincent,Oklahoma,SR,73,6.766792783
28414,Daniel,Nickell,Oklahoma,SR,69,6.78274915
67963,Logan,Seger,Oklahoma,JR,65,6.796238106
67962,Peter,Makuei,Oklahoma,JR,64,6.797749455
28415,Berry,Cox,Oklahoma,SO,62,6.803088726
82036,Josh,Cherry,Oklahoma,SO,59,6.813577501
108927,Sam,Boyer,Oklahoma,FR,48,6.85241545
72503,Nathan,Davis,Army West Point,JR,82,6.738049096
72500,Marc,Baroncini,Army West Point,JR,80,6.742758691
72501,Anthony,Diaz,Army West Point,JR,77,6.753255944
77970,Adam,Furman,Army West Point,SO,72,6.772449296
77983,Gavin,Hansen,Army West Point,SO,70,6.777197963
72499,Isaac,Morris,Army West Point,SR,68,6.784180557
77971,Maximus,Haynia,Army West Point,SO,65,6.795337696
72504,Andrew,Littlehales,Army West Point,SO,64,6.798893293
72508,Sam,Arnold,Army West Point,SO,59,6.814660537
77973,Christopher,Ferris,Army West Point,SO,59,6.815450027
104447,Nick,Yarad,Army West Point,FR,56,6.824201894
104449,Ben,Sydell,Army West Point,FR,55,6.826826914
104448,Jess,Joe-Augustine,Army West Point,FR,54,6.8309263
47561,Christopher,Verdugo,Army West Point,JR,54,6.831743474
95667,Ryan,Rheam,Army West Point,FR,53,6.836527627
95668,Matthew,Gorman,Army West Point,FR,51,6.840295686
72510,Elijah,Sullivan,Army West Point,SO,50,6.844942877
77977,Michael,Alvarez,Army West Point,SO,50,6.846363847
109530,Brady,Smith,Army West Point,FR,47,6.855648544
95670,Zachary,Bender,Army West Point,FR,45,6.863338712
92036,Harrison,Lavery,Army West Point,SO,44,6.864509117
95671,Miguel,Arce,Army West Point,FR,44,6.865517426
77976,Alexander,Quackenbush,Army West Point,SO,43,6.86960884
95669,Parker,Harris,Army West Point,FR,40,6.877759721
107276,Christian,Bachmann,Army West Point,FR,37,6.888570464
92037,Samuel,Gordon,Army West Point,FR,37,6.890450017
77982,Andrew,Brown,Army West Point,FR,33,6.903858254
92038,Brian,Humphrey,Army West Point,FR,7,6.98952983
40454,Robert,Carew,Umass Amherst,SR,80,6.745063766
94837,John,Lucey,Umass Amherst,SR,77,6.753078054
76718,Collin,Catherwood,Umass Amherst,SO,75,6.760519293
40443,Michael,Norberg,Umass Amherst,SR,75,6.761868073
62878,Liam,Ouellette,Umass Amherst,JR,75,6.762120843
53332,Will,Kenney,Umass Amherst,SR,74,6.7656301
76719,Erik,Unger,Umass Amherst,SO,71,6.776056189
40464,Surafel,Mengist,Umass Amherst,JR,70,6.779214247
40446,Matthew,George,Umass Amherst,SR,66,6.790754635
40442,Owen,Mullahy,Umass Amherst,JR,65,6.793435031
40462,Xavier,Metivier,Umass Amherst,JR,64,6.798823857
53331,Loeden,Rodrigues,Umass Amherst,SR,60,6.811163805
62889,Riley,Cole,Umass Amherst,JR,60,6.812159738
94849,Parker,Broderick,Umass Amherst,FR,46,6.858311805
85918,Ben,Feldman,Umass Amherst,FR,46,6.859061202
94850,Cyrus,Hansen,Umass Amherst,FR,41,6.874642296
76720,Ryan,Connolly,Umass Amherst,FR,41,6.876396094
85932,Preston,Sanderville,Umass Amherst,SO,26,6.924646817
46642,Peter,Visser,Weber State,JR,84,6.730820513
72042,Wesley,Kallgren,Weber State,JR,77,6.754749548
72040,Ty,Davis,Weber State,JR,75,6.761231811
72041,Taylor,Knight,Weber State,JR,73,6.766513132
89886,Tanner,Rogers,Weber State,SO,73,6.76699207
35985,Logan,Anderson,Weber State,JR,73,6.769289565
72043,Hanokh,Gailson,Weber State,JR,72,6.770726371
98765,TJ,Warnick,Weber State,FR,69,6.780218813
107976,Evan,Harris,Weber State,FR,69,6.780469415
72044,Kelton,Gagnon,Weber State,SO,69,6.780650213
72045,Nathaniel,Garner,Weber State,SR,69,6.781653773
98762,Owen,Rogers,Weber State,SO,66,6.789742903
72048,Bryce,Anderson,Weber State,SR,64,6.796381976
98768,Will,Luoma,Weber State,FR,64,6.798062754
84754,Alex,Harbertson,Weber State,SO,64,6.798764128
106664,Carson,Day,Weber State,FR,60,6.810607757
72047,Joe,Corbridge,Weber State,JR,53,6.836213437
40554,Braedon,Palmer,Lipscomb,SR,81,6.742328996
82060,Matthew,Hansen,Lipscomb,JR,77,6.754776152
49456,Ben,Butcher,Lipscomb,JR,76,6.758242255
93078,Owen,Horevay,Lipscomb,SO,75,6.760539309
6542,Scott,McKenzie,Lipscomb,RS,73,6.766812901
49455,Cole,Kimmel,Lipscomb,JR,72,6.769942361
87813,William,Goodrich,Lipscomb,SO,71,6.772965765
74422,James,Schmidt,Lipscomb,JR,69,6.780108816
74420,Brady,Yingst,Lipscomb,JR,69,6.781268821
74421,Levi,Streeval,Lipscomb,JR,68,6.785137064
49467,Andy,Stohr,Lipscomb,SR,67,6.788820988
14368,Evan,Allen,Lipscomb,JR,66,6.790131915
74426,Connor,Sarkovics,Lipscomb,SO,63,6.800057933
107980,Max,Hooper,Lipscomb,FR,60,6.810374014
90897,Daniel,Winkelman,Lipscomb,SO,60,6.81303836
75194,Trey,Haralson,Lipscomb,JR,58,6.816852117
49462,Bing,Hudson,Lipscomb,SR,56,6.824166686
96754,Sam,Widmaier,Lipscomb,FR,54,6.833364292
101886,Philip,Lamartiniere,Lipscomb,FR,51,6.840400981
80576,Michael,Polizzi,Lipscomb,SO,39,6.88198518
80580,Gavin,Bacus,Lipscomb,FR,33,6.90347124
72016,Saxon,Brown,Lipscomb,JR,25,6.928156165
83148,Jayde,Rosslee,Bradley,SO,81,6.74224674
39745,Michael,Rebello,Bradley,JR,79,6.748112495
55343,Jack,Crull,Bradley,SR,74,6.763264206
74473,Caden,Simone,Bradley,JR,74,6.76554007
74476,Caleb,Lind,Bradley,JR,74,6.765788383
83150,Parker,Nold,Bradley,SO,72,6.77182212
83149,Oliver,Burns,Bradley,SO,69,6.779711744
98301,Travis,Gaffney,Bradley,FR,69,6.779721701
83153,Zach,Balzer,Bradley,RS,67,6.789302359
46504,Brandon,Kamp,Bradley,JR,66,6.792802155
87434,Yanis,Moulinie,Bradley,FR,63,6.800048788
39746,Max,Dieterich,Bradley,JR,63,6.800237356
75509,Ian,O'Laughlin,Bradley,JR,62,6.804237114
39759,Rodrigo,Alvarez-Gonzalez,Bradley,JR,60,6.813049429
46499,Mickey,Vreeland,Bradley,SR,55,6.827294333
83154,Jaxson,Copelin,Bradley,SO,54,6.831742299
92734,Kaden,Kingsmith,Bradley,SO,49,6.847373326
83151,Brock,Rice,Bradley,SO,49,6.849000197
98309,Michael,O'Brien,Bradley,FR,41,6.87567095
64454,Ivan,Westcott,Bradley,JR,41,6.875688327
92735,Mason,Jones,Bradley,SO,36,6.893699785
36410,Hunter,Christopher,Youngstown St.,SR,83,6.732689315
49089,Thomas,Caputo,Youngstown St.,SR,75,6.759480217
36408,Ryan,Meadows,Youngstown St.,SR,74,6.764958062
74445,Tobias,Jones,Youngstown St.,SR,74,6.7653515
85021,Blaze,Fichter,Youngstown St.,SO,73,6.76755467
85020,Owen,Brady,Youngstown St.,SO,70,6.777109379
36409,Tyler,Coon,Youngstown St.,JR,65,6.79554444
91660,Sage,Vavro,Youngstown St.,SO,64,6.799324767
85022,Connor,Shingleton,Youngstown St.,SO,63,6.801400473
49107,Riley,Jackson,Youngstown St.,SR,61,6.807174764
70610,Keegan,Barnette,Youngstown St.,SR,61,6.808332529
85023,Thomas,Hunyadi,Youngstown St.,SO,59,6.815504127
49103,Beau,Gorby,Youngstown St.,JR,57,6.820948003
98192,Joshua,Jones,Youngstown St.,FR,56,6.824405477
98195,Zach,Haley,Youngstown St.,FR,49,6.848928982
49079,William,Hanchosky,Youngstown St.,SR,45,6.860459339
108090,Trenton,Shutters,Youngstown St.,JR,22,6.940570701
8744,Devin,Wade,Georgia Tech,JR,80,6.745588108
8721,John,Higinbotham,Georgia Tech,SR,76,6.75767385
16558,Myles,Collins,Georgia Tech,JR,75,6.760664989
8743,Charlie,Smith,Georgia Tech,SR,75,6.761675514
81107,Joey,Sandel,Georgia Tech,SO,72,6.771258066
87262,Alexander,Arrambide,Georgia Tech,SO,72,6.771408628
104474,Taylor,Wade,Georgia Tech,FR,69,6.77994661
81120,Nathan,Solomon,Georgia Tech,SO,64,6.797269861
40290,Jack,Voss,Georgia Tech,SO,64,6.7973962
16566,Chris,Cherono,Georgia Tech,SR,64,6.799100928
46177,Jackson,Borden,Georgia Tech,JR,63,6.800147746
98491,Hayden,Marshall,Georgia Tech,SR,63,6.800927958
33296,Leif,Andersen,Georgia Tech,JR,63,6.80264339
68557,Ethan,Curnow,Georgia Tech,JR,62,6.804246326
81126,Trent,Bell,Georgia Tech,JR,60,6.810289067
98489,Billy,Carlton,Georgia Tech,FR,60,6.812212515
33292,Cole,Miller,Georgia Tech,JR,57,6.822224341
33294,Alex,Thomas,Georgia Tech,JR,56,6.823902837
104490,Matt,Castronuovo,Georgia Tech,FR,56,6.825590731
68558,Jean-Lou,Pare,Georgia Tech,JR,52,6.838531468
33295,Tristan,Autry,Georgia Tech,SR,45,6.860826801
88152,Ethan,Kurilko,Georgia Tech,FR,35,6.895515059
6536,Aidan,O'Gorman,North Florida,JR,83,6.733552974
90817,Aidan,OGorman,North Florida,RS,80,6.74490374
55277,Seth,Martinez,North Florida,JR,78,6.750433707
32761,Robert,Pedroza,North Florida,SR,77,6.755361493
87260,Ilias,El-Khattabi,North Florida,SO,75,6.759730522
32764,Onix,Ortiz,North Florida,SR,74,6.764971295
74419,Cole,Perry,North Florida,JR,73,6.767799368
104619,Sebastian,Hernandez,North Florida,JR,71,6.774731536
55279,Aiden,Arnold,North Florida,RS,70,6.77760097
87259,Paul,Lespasio,North Florida,SO,67,6.789278819
104625,Aaron,Schimke,North Florida,FR,65,6.79353489
87258,William,Sinclair,North Florida,JR,65,6.794286876
87261,Ryan,Douihech,North Florida,SO,62,6.803401573
32763,Justin,Tackling,North Florida,JR,61,6.807817961
32768,Gavin,O'Brien,North Florida,SR,60,6.81083923
104620,Colton,Lawson,North Florida,FR,59,6.813607964
55289,Kameron,Wallizada,North Florida,JR,57,6.821069966
104623,Andrew,Mahorner,North Florida,FR,55,6.826993289
104624,Ben,Tary,North Florida,FR,55,6.828744015
104621,Christian,Ruocco,North Florida,JR,54,6.833170593
104622,Grant,Doherty,North Florida,FR,53,6.833754772
70766,Luke,Clements,North Florida,SO,48,6.851360951
49094,Quintin,Gatons,Pittsburgh,SR,77,6.754370416
80218,Luke,Simpson,Pittsburgh,JR,76,6.757026403
8725,Sam,Otis,Pittsburgh,SR,75,6.759825749
65829,Luke,Miller,Pittsburgh,SR,75,6.761916392
104411,Thomas,McMahon,Pittsburgh,FR,74,6.763150571
49078,Finn,Walsh,Pittsburgh,SR,71,6.774477664
49086,Peyton,Geehrer,Pittsburgh,SR,70,6.778285713
74449,Ethan,Feinstein,Pittsburgh,JR,66,6.790586304
96619,Ethan,Fingerhut,Pittsburgh,JR,65,6.793519758
104414,Nolan,McGinn,Pittsburgh,FR,65,6.796192933
65828,Damian,Frausto,Pittsburgh,JR,61,6.808965739
96622,Asa,Gaspar,Pittsburgh,SO,56,6.823931588
96620,Ethan,Papa,Pittsburgh,SO,54,6.830558553
8744,Devin,Wade,Georgia Tech,JR,80,6.745588108
8721,John,Higinbotham,Georgia Tech,SR,76,6.75767385
16558,Myles,Collins,Georgia Tech,JR,75,6.760664989
8743,Charlie,Smith,Georgia Tech,SR,75,6.761675514
81107,Joey,Sandel,Georgia Tech,SO,72,6.771258066
87262,Alexander,Arrambide,Georgia Tech,SO,72,6.771408628
104474,Taylor,Wade,Georgia Tech,FR,69,6.77994661
81120,Nathan,Solomon,Georgia Tech,SO,64,6.797269861
40290,Jack,Voss,Georgia Tech,SO,64,6.7973962
16566,Chris,Cherono,Georgia Tech,SR,64,6.799100928
46177,Jackson,Borden,Georgia Tech,JR,63,6.800147746
98491,Hayden,Marshall,Georgia Tech,SR,63,6.800927958
33296,Leif,Andersen,Georgia Tech,JR,63,6.80264339
68557,Ethan,Curnow,Georgia Tech,JR,62,6.804246326
81126,Trent,Bell,Georgia Tech,JR,60,6.810289067
98489,Billy,Carlton,Georgia Tech,FR,60,6.812212515
33292,Cole,Miller,Georgia Tech,JR,57,6.822224341
33294,Alex,Thomas,Georgia Tech,JR,56,6.823902837
104490,Matt,Castronuovo,Georgia Tech,FR,56,6.825590731
68558,Jean-Lou,Pare,Georgia Tech,JR,52,6.838531468
33295,Tristan,Autry,Georgia Tech,SR,45,6.860826801
88152,Ethan,Kurilko,Georgia Tech,FR,35,6.895515059
26846,Jack,Stanley,Duke,SR,78,6.750572048
48916,Duncan,Miller,Duke,SR,75,6.759499862
48851,Matthew,Farrell,Duke,SR,75,6.759588268
48855,Zubeir,Dagane,Duke,JR,75,6.76056667
109973,Alden,Keller,Duke,FR,74,6.763335361
65023,Beck,Wittstadt,Duke,SR,73,6.766349422
82321,Ryan,Banko,Duke,JR,73,6.766598621
108875,Luke,Thompson,Duke,FR,73,6.766612483
82323,Nick,Falk,Duke,SO,72,6.772048199
82331,Jeremy,Kain,Duke,JR,69,6.779883862
106345,Riley,Newport,Duke,FR,67,6.786725053
87868,Conor,Bohrer,Duke,JR,67,6.788981179
95672,Sean,Morello,Duke,SO,66,6.790585983
34106,Jack,Kovach,Duke,SR,65,6.79384296
95673,Rendon,Kuykendall,Duke,FR,62,6.805011642
82327,William,Skelly,Duke,SO,59,6.813218463
87872,Colin,Friend,Duke,SO,55,6.828075489
80574,Carter,Cheeseman,Belmont,SR,79,6.748239104
80573,Nick,Mota,Belmont,SR,78,6.750982144
16744,Zac,Shaffer,Belmont,SR,74,6.762795136
16743,Ethan,Hammer,Belmont,SR,73,6.767758109
96750,Andrew,Hammel,Belmont,JR,73,6.768042489
49453,Kevin,Vanderkolk,Belmont,SR,72,6.770117496
49459,Jacob,Ricks,Belmont,SR,71,6.774238568
96751,Matty,MacKay,Belmont,JR,70,6.776915044
80557,Drew,Brill,Belmont,SO,70,6.778107842
55651,Joel,Wolf,Belmont,SR,69,6.780450921
71681,Zach,Brill,Belmont,JR,63,6.800813797
71683,Noah,Epker,Belmont,JR,62,6.805836514
80568,Nathan,Katic,Belmont,SO,57,6.821750774
80569,Brayden,Kennedy,Belmont,FR,57,6.822877077
80562,Gavin,Morrow,Belmont,SR,54,6.831371258
80577,Kevin,Loftus,Belmont,FR,50,6.84391892
71686,Garrett,Hesselgesser,Belmont,JR,47,6.855346938
80575,Kaden,Keller,Belmont,FR,41,6.874338049
6536,Aidan,O'Gorman,North Florida,JR,83,6.733552974
90817,Aidan,OGorman,North Florida,RS,80,6.74490374
55277,Seth,Martinez,North Florida,JR,78,6.750433707
32761,Robert,Pedroza,North Florida,SR,77,6.755361493
87260,Ilias,El-Khattabi,North Florida,SO,75,6.759730522
32764,Onix,Ortiz,North Florida,SR,74,6.764971295
74419,Cole,Perry,North Florida,JR,73,6.767799368
104619,Sebastian,Hernandez,North Florida,JR,71,6.774731536
55279,Aiden,Arnold,North Florida,RS,70,6.77760097
87259,Paul,Lespasio,North Florida,SO,67,6.789278819
104625,Aaron,Schimke,North Florida,FR,65,6.79353489
87258,William,Sinclair,North Florida,JR,65,6.794286876
87261,Ryan,Douihech,North Florida,SO,62,6.803401573
32763,Justin,Tackling,North Florida,JR,61,6.807817961
32768,Gavin,O'Brien,North Florida,SR,60,6.81083923
104620,Colton,Lawson,North Florida,FR,59,6.813607964
55289,Kameron,Wallizada,North Florida,JR,57,6.821069966
104623,Andrew,Mahorner,North Florida,FR,55,6.826993289
104624,Ben,Tary,North Florida,FR,55,6.828744015
104621,Christian,Ruocco,North Florida,JR,54,6.833170593
104622,Grant,Doherty,North Florida,FR,53,6.833754772
70766,Luke,Clements,North Florida,SO,48,6.851360951
16555,Ethan,Geiger,Florida,SR,80,6.745653131
107971,Jonathan,Leon,Florida,FR,77,6.755665108
107972,Riley,Smith,Florida,FR,74,6.763418426
59044,Matthew,Mule',Florida,JR,72,6.770002168
95891,Riley,Novack,Florida,FR,72,6.771891744
58986,Michael,Fiore,Florida,JR,71,6.775121261
92967,Matthew,Stratton,Florida,SO,70,6.777293836
107977,Josh,Ruiz,Florida,FR,70,6.77856117
59045,Joe,Wester,Florida,JR,69,6.782570659
92966,Parvej,Khan,Florida,SO,68,6.783547516
58987,Aiden,Villasuso,Florida,SR,66,6.791291301
63559,Adam,Magoulas,Florida,FR,66,6.792080061
95888,Emerson,Miller,Florida,FR,65,6.79346191
58985,Javier,Vento,Florida,JR,64,6.798193739
95890,Alex,Pena,Florida,FR,63,6.802978328
58988,Orlando,Cicilioni,Florida,SR,62,6.803680394
59050,Josh,Stern,Florida,JR,62,6.805354192
95894,Gavin,Nelson,Florida,FR,61,6.809364636
95895,Alec,Miller,Florida,FR,59,6.816048077
53208,Ryan,Miller,Florida,JR,56,6.824868937
63575,Macarius,Wright,Florida,SO,50,6.84599127
46491,Enzo,Marie,Drake,SR,79,6.746373955
89238,Brogan,Giffin,Drake,SR,78,6.75048132
61066,Juan,Trasobares,Drake,JR,75,6.760698167
82544,Cameron,Bell,Drake,JR,75,6.760793698
90894,Jake,Turner,Drake,SO,75,6.762107544
43456,Aziz,Jdai,Drake,SR,73,6.766164799
108876,Harrison,Martinenko,Drake,SR,70,6.778649382
64416,Aidan,Simon,Drake,JR,69,6.779956077
74418,Aidan,Ramsey,Drake,SO,66,6.792339722
43459,Brendan,Cain,Drake,JR,63,6.800693377
82550,Ethan,Vargas,Drake,SR,63,6.801782455
96643,Xander,Kwa,Drake,FR,62,6.803478881
43460,Jack,Burns,Drake,JR,50,6.844766109
106822,Gaven,Corpin,Drake,FR,48,6.852395959
43080,Carrick,Denker,California,SR,82,6.736267128
43077,Garrett,MacQuiddy,California,SR,77,6.752853715
61727,Caden,Carney,California,JR,73,6.767870028
80954,Justin,Pretre,California,SO,71,6.774760135
110515,Sam,Franco,California,FR,71,6.77574903
72149,John,Sesteaga,California,JR,70,6.779341109
80959,Roland,Ruckmann-Barnes,California,SO,68,6.783370985
80958,Alex,Lodewick,California,SO,65,6.795977536
40347,Gabe,Abbes,California,JR,64,6.796778869
96954,Antoine,Moret,California,JR,64,6.796937814
61732,Rowan,FitzGerald,California,SO,64,6.799374189
80957,Julian,Doak,California,SO,62,6.804572429
80968,Dylan,Bissell,California,SO,55,6.828682199
37462,Griffin,Neal,Incarnate Word,SR,83,6.734876382
51416,Kamron,Loera,Incarnate Word,SR,76,6.759205401
49608,Christopher,Daniels,Incarnate Word,SR,74,6.765150176
64121,Kevin,Hernandez,Incarnate Word,SO,72,6.771977706
96311,Anthony,Zapata,Incarnate Word,FR,69,6.780003765
64107,Eric,Pineda,Incarnate Word,JR,68,6.783002565
57062,Alexandre,Fetizon,Incarnate Word,SR,68,6.783154975
64118,Jared,Laverty,Incarnate Word,SO,68,6.783648194
70709,Bryan,Mileski,Incarnate Word,SO,67,6.787741633
96310,James,Butler,Incarnate Word,FR,66,6.790429747
23337,Jett,Montes,Incarnate Word,JR,65,6.79400923
84210,Ethan,Malesich,Incarnate Word,SO,64,6.796908579
84211,Damon,Gutierrez,Incarnate Word,SO,63,6.800815526
64122,Margarito,Benavides,Incarnate Word,RS,60,6.81095136
28770,Abram,Maldonado,Incarnate Word,RS,47,6.856331801
96327,Alonso,Alvarez,Incarnate Word,FR,45,6.860405537
104697,David,Sanchez,Incarnate Word,FR,37,6.887877599
64142,Wesley,Vargas,Incarnate Word,JR,24,6.932637999
81335,Graydon,Morris,TCU,JR,82,6.736050398
93787,Johnson,Lagat,TCU,FR,76,6.758630622
51529,Stone,Burke,TCU,SR,72,6.771468058
85440,Tate,Underwood,TCU,FR,72,6.771523975
51528,Noah,Winters,TCU,SR,71,6.774908195
81336,Christopher,Meyer,TCU,SO,70,6.778610044
93791,Hector,Solis,TCU,FR,68,6.78350701
81349,Drew,Oliver,TCU,SO,65,6.794834969
93790,Zach,Troutman,TCU,FR,64,6.797685236
75389,Colin,Lantz,TCU,SR,62,6.803039627
93793,Brayden,Schick,TCU,FR,62,6.80470436
93792,Tyler,Westrom,TCU,FR,61,6.809521294
81343,Grant,Martinez,TCU,SO,60,6.81139862
51534,Finn,Riley,TCU,JR,55,6.8291785
93798,Henry,Beckman,TCU,FR,52,6.837739627
41286,Gabe,Diaz,TCU,JR,38,6.884019238
43080,Carrick,Denker,California,SR,82,6.736267128
43077,Garrett,MacQuiddy,California,SR,77,6.752853715
61727,Caden,Carney,California,JR,73,6.767870028
80954,Justin,Pretre,California,SO,71,6.774760135
110515,Sam,Franco,California,FR,71,6.77574903
72149,John,Sesteaga,California,JR,70,6.779341109
80959,Roland,Ruckmann-Barnes,California,SO,68,6.783370985
80958,Alex,Lodewick,California,SO,65,6.795977536
40347,Gabe,Abbes,California,JR,64,6.796778869
96954,Antoine,Moret,California,JR,64,6.796937814
61732,Rowan,FitzGerald,California,SO,64,6.799374189
80957,Julian,Doak,California,SO,62,6.804572429
80968,Dylan,Bissell,California,SO,55,6.828682199
66009,Maddon,Muhammad,Charlotte,JR,83,6.733957358
21265,Hunter,White,Charlotte,JR,82,6.736891069
59042,Aaron,Rovnak,Charlotte,JR,78,6.750278533
66015,Bryce,Anderson,Charlotte,JR,75,6.761177712
21275,Jackson,O'Hara,Charlotte,SR,72,6.770307718
99274,Cruz,Hesling,Charlotte,FR,71,6.772717399
104446,Andre,Michaels,Charlotte,FR,70,6.776235646
99273,Caleb,Roesch,Charlotte,FR,70,6.777592019
87582,Moritz,Kleesiek,Charlotte,SO,69,6.781810851
99276,Jackson,Burch,Charlotte,SO,68,6.784001188
99272,Luke,Armentrout,Charlotte,FR,66,6.791872903
99277,Nathan,Geyer,Charlotte,SO,65,6.795094063
26430,Gunner,Hogston,Charlotte,JR,64,6.797602722
99279,Harper,Clark,Charlotte,FR,64,6.798516909
99281,Ian,Rouse,Charlotte,FR,64,6.798625168
99284,Stephen,Fernetti,Charlotte,FR,63,6.802711721
61502,Zak,Freeland,Charlotte,RS,62,6.803700068
99280,Finn,McKee,Charlotte,SO,62,6.804779964
99283,Alex,Fernandez,Charlotte,FR,60,6.811766547
6111,Jacob,Gallant,Charlotte,JR,59,6.814084701
99285,Wesley,Haws,Charlotte,JR,53,6.835235563
99282,Elijah,Jones,Charlotte,FR,53,6.835359994
64734,MacCallum,Rowe,La Salle,JR,83,6.733443717
95208,Matt,Hill,La Salle,FR,75,6.762191221
56200,James,Ptack,La Salle,SR,72,6.772575647
64733,David,Butts,La Salle,SR,71,6.77273639
106675,Bram,van-Druten,La Salle,FR,71,6.772911596
59256,Andres,Hernandez,La Salle,JR,71,6.775109285
72732,Finn,Birnie,La Salle,RS,69,6.780108503
95209,Malthe,Bogebjerg,La Salle,FR,69,6.780191091
72749,Teketel,Tyson,La Salle,JR,66,6.790416505
106674,Chanel,Muir,La Salle,SO,63,6.800351727
109975,Callum,Murray,La Salle,FR,63,6.801820449
64740,Charlie,Hazlett,La Salle,JR,62,6.804005535
64750,Joseph,Branderbit,La Salle,SR,48,6.852121712
95219,Gavin,Zanck,La Salle,JR,35,6.897175975
8736,Steven,Jackson,Boston College,SR,78,6.751588669
109119,Theodor,Schucht,Boston College,FR,78,6.751893106
73952,Edward,Sullivan,Boston College,JR,74,6.76443684
44659,Will,Purnell,Boston College,JR,74,6.764653519
44645,Andrew,Healey,Boston College,JR,72,6.769731801
90857,John,Garvey,Boston College,SO,67,6.787313898
109759,Patrick,Mulryan,Boston College,FR,66,6.791692025
90861,Sam,Ellis,Boston College,SO,66,6.791747988
90865,Aidan,Brancaccio,Boston College,SO,65,6.79310853
44669,Eero,Helenius,Boston College,JR,64,6.799320544
44649,Peter,Fox,Boston College,JR,63,6.800580504
90860,eero,helenius,Boston College,SO,62,6.805996965
92236,Nick,Loffredo,Boston College,SO,59,6.813507559
90864,Alexander,Brown,Boston College,SO,59,6.815510598
44673,John,Fitzpatrick,Boston College,JR,58,6.817118104
109762,Jack,Nauman,Boston College,FR,57,6.821782483
90863,Sean,Fortunato,Boston College,SO,56,6.823259641
90859,friend,Weiler,Boston College,SO,56,6.824849498
109761,Mac,Kittrell,Boston College,FR,52,6.838031738
33164,Oliver,Wilson-Cook,Appalachian State,RS,78,6.752466248
48017,Calbert,Guest,Appalachian State,SR,76,6.756136485
72890,Ethan,Lipham,Appalachian State,JR,75,6.759268568
104521,Ethan,Turner,Appalachian State,JR,75,6.759632874
72891,Garrett,Bivens,Appalachian State,SR,73,6.766214388
48015,Chase,Burrell,Appalachian State,JR,73,6.768103398
21269,Dwayne,Lillie,Appalachian State,SR,70,6.777877331
96710,Thomas,Wlazlowski,Appalachian State,FR,69,6.781074552
108926,Henry,Stark,Appalachian State,FR,68,6.785231419
96708,Rowan,Gwin,Appalachian State,FR,67,6.788767321
96707,Aaron,Kidd,Appalachian State,FR,67,6.789517878
72892,Tucker,Sangster,Appalachian State,JR,64,6.798232722
21276,Ben,Datte,Appalachian State,JR,63,6.79970649
48036,Jonah,Morris,Appalachian State,RS,53,6.836391644
21290,Ethan,Barber,Appalachian State,JR,52,6.839799886
80677,Steven,Smith,Appalachian State,JR,49,6.848071603
48031,Jackson,Nichols,Appalachian State,SR,47,6.85677909
96721,Rylan,Haskett,Appalachian State,JR,40,6.878065945
59153,Peter,Walsdorf,Kansas,RS,81,6.739530456
62631,Tanner,Newkirk,Kansas,RS,80,6.744325641
62632,Tanner,Talley,Kansas,JR,78,6.749539459
62633,Quenton,Walion,Kansas,JR,74,6.7659116
77157,Sawyer,Schmidt,Kansas,SO,73,6.768004042
59154,Cale,Littrell,Kansas,SR,71,6.774087049
93841,Lenny,Njoroge,Kansas,FR,70,6.778175585
93840,Ryo,Higuchi,Kansas,FR,68,6.783759522
107982,Blake,Wohler,Kansas,FR,68,6.785045218
107979,Samuel,Trumble,Kansas,FR,62,6.803041257
107981,Hobbs,Campbell,Kansas,FR,61,6.807764599
62634,Christopher,Stone,Kansas,SO,60,6.811984911
62635,Treyson,TRUE,Kansas,SR,58,6.818149741
93843,Isaac,Graff,Kansas,FR,55,6.827480851
43760,TJ,Robinson,Kansas,SR,53,6.834790811
77163,Gabe,Birkmeier,Kansas,SO,51,6.840485987
93852,Carter,Stewart,Kansas,FR,51,6.841391012
34267,A.J.,Green,Kansas,JR,49,6.848081655
77162,Garrett,Wilmes,Kansas,SO,46,6.857974794
93860,Jack,Weber,Kansas,FR,46,6.860086193
30525,Max,Murphy,Iowa,JR,84,6.729184796
65486,Brayden,Burnett,Iowa,JR,76,6.758318609
65478,Will,Ryan,Iowa,JR,75,6.760151521
79417,Miles,Wilson,Iowa,SO,75,6.762485082
98298,Kyle,Montgomery,Iowa,FR,70,6.779314201
65479,Hayden,Kuhn,Iowa,JR,69,6.77955796
98300,Ethan,Eichhorn,Iowa,FR,69,6.781746938
65477,Miles,Sheppard,Iowa,JR,69,6.781872405
65482,Carson,Houg,Iowa,JR,68,6.784942915
46493,Ian,Geisler,Iowa,SR,65,6.793136279
46508,Yohana,Yual,Iowa,SR,62,6.803892424
98303,Jaxson,Plumb,Iowa,FR,62,6.805270106
79421,Luke,Knepp,Iowa,SO,61,6.808101352
65484,Nate,Harbert,Iowa,SO,58,6.818005864
79424,Flynn,Milligan,Iowa,SO,58,6.818964631
98304,Armaan,Chopra,Iowa,FR,57,6.82062382
94537,Marco,Perez,Cal St. Fullerton,JR,80,6.743956866
42728,Tony,Chavez,Cal St. Fullerton,SR,74,6.76555837
42732,Talman,Young,Cal St. Fullerton,SR,73,6.768678271
63047,Nathaniel,Avila,Cal St. Fullerton,JR,71,6.77530065
42737,Jeremiah,Castellano,Cal St. Fullerton,SR,69,6.779503607
63053,Justin,Singer,Cal St. Fullerton,JR,68,6.785512342
42754,JT,McCoy,Cal St. Fullerton,SR,67,6.787538181
107044,Luke,Hitchcock,Cal St. Fullerton,SO,66,6.78999964
94542,Jaden,Wiley,Cal St. Fullerton,SO,66,6.791805743
83888,Jonathan,Pfeiffer,Cal St. Fullerton,SR,65,6.793390513
94552,Logan,Harrris,Cal St. Fullerton,FR,61,6.809158711
94545,Carlos,Maradiaga,Cal St. Fullerton,FR,60,6.812184811
83880,Sean,Lacey,Cal St. Fullerton,JR,56,6.824193649
83885,Alexandro,Vielma,Cal St. Fullerton,FR,56,6.824293819
83884,Matthew,Kubler,Cal St. Fullerton,SO,56,6.82505718
42742,Nathan,England,Cal St. Fullerton,JR,53,6.835092887
107055,Diego,Mejia,Cal St. Fullerton,FR,39,6.882236837
81109,Ryan,Olree,Georgia,SO,79,6.746771215
81111,Conner,Rutherford,Georgia,SO,75,6.760240979
16554,Charles,Condra,Georgia,JR,73,6.766129295
85228,Mark,Trammell,Georgia,SO,72,6.771302538
46179,Karl,Heron,Georgia,SR,70,6.778825074
16576,Zachary,Roe,Georgia,JR,69,6.781013514
81113,Zack,Truitt,Georgia,SR,69,6.781824511
81110,Kushan,Patel,Georgia,FR,66,6.790007832
81108,Luke,Churchwell,Georgia,SO,66,6.791501562
66014,Ethan,Nordman,Georgia,SO,65,6.794968745
98486,Joseph,Minecci,Georgia,FR,65,6.795075855
46181,Cole,Heron,Georgia,SR,65,6.795394543
98488,Conor,Clifford,Georgia,FR,62,6.803802243
55183,Davis,Potts,Georgia,JR,61,6.807901198
98484,Simon,Schabort,Georgia,FR,61,6.808270485
55185,Cooper,Bocko,Georgia,JR,59,6.814100107
81119,Luke,Kalarickal,Georgia,FR,58,6.817387486
98492,Adam,Lippe,Georgia,FR,57,6.821656887
81125,John,Jessup,Georgia,SO,57,6.821739403
46182,Mac,Howie,Georgia,SO,56,6.823457574
81117,Logan,Dingman,Georgia,SO,53,6.834192511
81122,Andrew,Balogh,Georgia,SO,53,6.835582244
81121,Sumner,Kirsch,Georgia,FR,47,6.856576439
76674,Collin,Gilstrap,Stony Brook,SO,77,6.754324617
76679,Henry,Gartner,Stony Brook,SO,75,6.760129653
44663,Steven,Struk,Stony Brook,SR,73,6.769283014
44650,Eben,Bragg,Stony Brook,SO,70,6.77659569
74280,Michael,Hawkes,Stony Brook,JR,70,6.777372685
74283,Michael,Fama,Stony Brook,JR,70,6.777855254
109158,Ethan,Green,Stony Brook,FR,66,6.789882247
44665,Nick,Tardugno,Stony Brook,SR,66,6.791668925
52130,Thomas,Burfeind,Stony Brook,SR,61,6.808324182
98785,Paul,Abeln,Stony Brook,FR,59,6.815730119
44657,Eric,Shu,Stony Brook,SR,58,6.816813962
75196,John,Fontanez,Stony Brook,JR,58,6.81889739
76685,Neel,Chittur,Stony Brook,SO,58,6.819163571
74291,Luca,Maneri,Stony Brook,JR,56,6.823533955
76681,Joseph,Bertola,Stony Brook,SO,55,6.8276915
98792,Finn,Burke,Stony Brook,SO,55,6.828921803
98788,Christopher,Tardugno,Stony Brook,FR,55,6.829134705
98791,Brian,Liebowitz,Stony Brook,FR,54,6.831573526
76682,Ryan,Hesler,Stony Brook,SO,50,6.844432371
81109,Ryan,Olree,Georgia,SO,79,6.746771215
81111,Conner,Rutherford,Georgia,SO,75,6.760240979
16554,Charles,Condra,Georgia,JR,73,6.766129295
85228,Mark,Trammell,Georgia,SO,72,6.771302538
46179,Karl,Heron,Georgia,SR,70,6.778825074
16576,Zachary,Roe,Georgia,JR,69,6.781013514
81113,Zack,Truitt,Georgia,SR,69,6.781824511
81110,Kushan,Patel,Georgia,FR,66,6.790007832
81108,Luke,Churchwell,Georgia,SO,66,6.791501562
66014,Ethan,Nordman,Georgia,SO,65,6.794968745
98486,Joseph,Minecci,Georgia,FR,65,6.795075855
46181,Cole,Heron,Georgia,SR,65,6.795394543
98488,Conor,Clifford,Georgia,FR,62,6.803802243
55183,Davis,Potts,Georgia,JR,61,6.807901198
98484,Simon,Schabort,Georgia,FR,61,6.808270485
55185,Cooper,Bocko,Georgia,JR,59,6.814100107
81119,Luke,Kalarickal,Georgia,FR,58,6.817387486
98492,Adam,Lippe,Georgia,FR,57,6.821656887
81125,John,Jessup,Georgia,SO,57,6.821739403
46182,Mac,Howie,Georgia,SO,56,6.823457574
81117,Logan,Dingman,Georgia,SO,53,6.834192511
81122,Andrew,Balogh,Georgia,SO,53,6.835582244
81121,Sumner,Kirsch,Georgia,FR,47,6.856576439
33648,Ian,Twyman,Santa Clara,JR,81,6.740388966
89983,Paul,Beaven,Santa Clara,FR,77,6.752520473
43085,Ishaan,Singh,Santa Clara,SR,73,6.767979707
73619,Ares,Reading,Santa Clara,JR,73,6.768802361
106407,Jack,Tolbert,Santa Clara,SO,72,6.771714442
96943,Daniel,Trampe,Santa Clara,JR,71,6.775367282
96942,Oliver,Maldonado,Santa Clara,FR,70,6.777077449
80966,Kyle,Berg,Santa Clara,SO,68,6.783893329
89989,Colin,Peattie,Santa Clara,JR,67,6.78888455
43086,Dominic,Baciocco,Santa Clara,JR,65,6.794053083
92403,Benjamin,Collins,Santa Clara,SO,63,6.800615136
96953,Austin,Clough,Santa Clara,FR,61,6.807488937
43097,Brendan,Mulvany,Santa Clara,JR,60,6.810766426
96957,Inbaa,Chennai,Santa Clara,FR,58,6.819163235
105205,Blake,Martin,Santa Clara,FR,52,6.837439921
96958,Evan,Charkut,Santa Clara,FR,52,6.838956952
93488,Luke,Johnson,Santa Clara,SR,51,6.841706743
43096,Oliver,Branham-Upton,Santa Clara,JR,49,6.846855707
96962,Andrew,Ho,Santa Clara,SO,48,6.852091887
58911,Maxwell,Nelson,Santa Clara,JR,48,6.853276782
80972,Nico,Trepanier,Santa Clara,SO,47,6.856032822
96974,James,Ponzio,Santa Clara,FR,43,6.868701774
43124,EJ,Odocayen-Cruz,Santa Clara,JR,41,6.876750656
91166,Mateo,Fesslmeier,Santa Clara,SO,34,6.898318215
80993,Sam,Hatfield,Santa Clara,JR,30,6.914157599
45866,Benjamin,Godish,Northeastern,SR,84,6.730167141
73942,Patrick,Cantlon,Northeastern,JR,71,6.775218979
45869,Kyle,Sarney,Northeastern,SR,71,6.775779872
39949,Tyler,Brogan,Northeastern,SR,70,6.776870249
94843,Ryan,Leslie,Northeastern,FR,67,6.787944298
80010,Ryan,Sarney,Northeastern,SO,64,6.797300336
94848,Timothy,Rank,Northeastern,FR,63,6.802124245
94842,Nico,Boyle,Northeastern,FR,62,6.803260099
94841,Jack,Mattingly,Northeastern,FR,57,6.821166339
45873,Noah,Mooney,Northeastern,SR,57,6.822153976
80014,Ryan,Gruczka,Northeastern,SO,55,6.829640891
45892,Daniel,Caso,Northeastern,SR,54,6.832943259
94846,Jacob,Redman,Northeastern,FR,52,6.837221705
85920,Andrew,Kenny,Northeastern,SO,43,6.868927588
64258,Ryan,Dailor,Northeastern,JR,40,6.880110614
94851,Cian,Gara-Grady,Northeastern,FR,39,6.883301757
33755,Wesley,Bond,George Mason,SR,78,6.750661302
61612,Mason,Love,George Mason,RS,78,6.750881243
91349,Gavin,Mogck,George Mason,SO,73,6.768594207
102095,Biruk,Beardsley,George Mason,FR,72,6.77039706
94058,Tarek,Benlamkaddem,George Mason,FR,71,6.775019995
87538,Alex,Deroussel,George Mason,SO,69,6.780780496
74246,Nicholas,Emmert,George Mason,JR,66,6.7920554
102096,Travis,Albon,George Mason,FR,63,6.801883929
106339,Nathanael,McMahon,George Mason,FR,62,6.804123913
33760,Josh,Walker,George Mason,SR,60,6.812563589
102098,Luke,Brown,George Mason,FR,59,6.814837405
110581,Robert,Jenkins,George Mason,SO,59,6.816100529
76530,Cameron,Stearns,George Mason,SO,58,6.818436225
94066,Jared,Ruggles,George Mason,FR,57,6.821839966
76518,Alex,Lombardo,George Mason,JR,57,6.823252394
106342,Jackson,Rowe,George Mason,FR,56,6.824672353
76514,Alex,Murphy,George Mason,SR,53,6.835320595
72756,Dylan,Raney,George Mason,JR,50,6.844088866
76535,Cary,Caldwell,George Mason,FR,43,6.869262564
72752,Grayson,Clark,George Mason,JR,41,6.87438712
72755,Charlie,Blundell,George Mason,JR,40,6.878639456
94078,Max,Vom-Saal,George Mason,FR,40,6.880507807
59279,Aiden,Dorf,George Mason,JR,39,6.881671156
94087,Andrew,Senfield,George Mason,FR,24,6.931325351
14625,Mhalicki,Bronson,Miami (Ohio),SR,77,6.753679538
72799,Patrick,Wills,Miami (Ohio),JR,75,6.760745923
52225,Max,Polak,Miami (Ohio),JR,74,6.763198152
95158,Chris,Perkins,Miami (Ohio),FR,73,6.769247668
61496,Tom,Heal,Miami (Ohio),JR,70,6.778223381
106925,Petros,Sanchez,Miami (Ohio),FR,69,6.782561432
75508,Johnny,Sayle,Miami (Ohio),JR,68,6.785529425
61214,Victor,Orsinelli,Miami (Ohio),JR,64,6.798712536
95163,Josh,Razor,Miami (Ohio),FR,62,6.804655177
82885,Anton,Martinez,Miami (Ohio),SO,59,6.81339204
14648,Conall,McGinness,Miami (Ohio),SR,59,6.816284501
82886,Jack,Klein,Miami (Ohio),SO,56,6.824256863
106926,Brayden,Everett,Miami (Ohio),FR,51,6.840281082
82887,Weston,Naville,Miami (Ohio),SO,51,6.840975579
95173,Jack,Fleming,Miami (Ohio),JR,36,6.893703946
48997,Graham,Thomas,Temple,JR,74,6.765058163
78657,David,Troy,Temple,SR,73,6.767868331
95210,Octave,Frenoy,Temple,SR,72,6.769879824
64725,Cole,Frank,Temple,JR,72,6.772442422
64728,Mattia,Zen,Temple,JR,71,6.775858682
7201,Christian,Fitch,Temple,JR,68,6.784087785
7209,Jimmy,Koel,Temple,SR,66,6.791591428
95212,Francesco,Candiani,Temple,FR,66,6.792087827
49000,Zack,Marmol,Temple,JR,63,6.800371423
7213,Josh,Christianson,Temple,JR,62,6.805700656
78654,William,Whalen,Temple,SO,53,6.833610305
78656,David,Litvin,Temple,SO,48,6.851615509
78655,Simeon,Shappell-Smith,Temple,SO,45,6.863012113
106679,Henry,Prunty,Temple,FR,14,6.967402201
64439,Hunter,Klimek,North Dakota State,SR,78,6.752322261
15393,Jake,Arason,North Dakota State,SR,75,6.759243832
44347,Symon,Keiser,North Dakota State,JR,70,6.779314797
100401,Ethan,Moe,North Dakota State,FR,69,6.78153718
44343,Tyson,Mahar,North Dakota State,SR,68,6.783833569
79942,William,Gerber,North Dakota State,SO,67,6.788548685
73073,Regan,Bosch,North Dakota State,FR,66,6.78985183
15385,Zach,Johnson,North Dakota State,SR,65,6.793595558
100403,Jacob,Knodle,North Dakota State,JR,65,6.796277388
100402,Ivan,Askim,North Dakota State,FR,64,6.79797023
91726,Demetrius,Farmakis,North Dakota State,SO,64,6.799299225
100405,Quinn,Roehl,North Dakota State,FR,60,6.81155039
44342,Mason,Kindel,North Dakota State,SO,59,6.81406845
100404,Carl,Rekow,North Dakota State,FR,57,6.821489501
64441,Marshall,Loveland,North Dakota State,JR,54,6.831380229
64442,Evan,Liewer,North Dakota State,SO,52,6.838620999
79938,Elijah,Pederson,North Dakota State,SO,50,6.844803482
100407,Austin,Wanner,North Dakota State,FR,45,6.860511156
73074,Dameon,Zenawick,North Dakota State,FR,10,6.98062061
64439,Hunter,Klimek,North Dakota State,SR,78,6.752322261
15393,Jake,Arason,North Dakota State,SR,75,6.759243832
44347,Symon,Keiser,North Dakota State,JR,70,6.779314797
100401,Ethan,Moe,North Dakota State,FR,69,6.78153718
44343,Tyson,Mahar,North Dakota State,SR,68,6.783833569
79942,William,Gerber,North Dakota State,SO,67,6.788548685
73073,Regan,Bosch,North Dakota State,FR,66,6.78985183
15385,Zach,Johnson,North Dakota State,SR,65,6.793595558
100403,Jacob,Knodle,North Dakota State,JR,65,6.796277388
100402,Ivan,Askim,North Dakota State,FR,64,6.79797023
91726,Demetrius,Farmakis,North Dakota State,SO,64,6.799299225
100405,Quinn,Roehl,North Dakota State,FR,60,6.81155039
44342,Mason,Kindel,North Dakota State,SO,59,6.81406845
100404,Carl,Rekow,North Dakota State,FR,57,6.821489501
64441,Marshall,Loveland,North Dakota State,JR,54,6.831380229
64442,Evan,Liewer,North Dakota State,SO,52,6.838620999
79938,Elijah,Pederson,North Dakota State,SO,50,6.844803482
100407,Austin,Wanner,North Dakota State,FR,45,6.860511156
73074,Dameon,Zenawick,North Dakota State,FR,10,6.98062061
108453,Elkana,Kipruto,Stephen F. Austin,FR,87,6.720167786
60265,Riley,Elliott,Stephen F. Austin,JR,73,6.768156237
105842,Zephirin,Darhan,Stephen F. Austin,JR,68,6.783823751
97195,Ryan,Binskin,Stephen F. Austin,FR,67,6.788859776
86112,Devon,Judelson,Stephen F. Austin,SO,65,6.793896515
86102,Andrew,Mullen,Stephen F. Austin,SO,65,6.795784359
64515,Wyatt,Hoover,Stephen F. Austin,JR,64,6.798241923
64519,Anthony,Parra,Stephen F. Austin,SO,59,6.815176348
86104,Kevin,Curry-IV,Stephen F. Austin,SO,58,6.816850067
97200,Robert,Fulle,Stephen F. Austin,JR,57,6.820530226
97197,Pablo,Lesarri,Stephen F. Austin,SO,57,6.82088866
64520,Benym,Fantue,Stephen F. Austin,FR,56,6.825360408
86116,Bennett,Meyer-Wills,Stephen F. Austin,JR,54,6.832821504
86106,Reese,Sullivan,Stephen F. Austin,SO,53,6.833649794
64522,Zach,Dennison,Stephen F. Austin,SO,52,6.83988802
86111,Brendon,Woodside,Stephen F. Austin,SO,50,6.845107038
86103,Dawson,Svoboda,Stephen F. Austin,FR,50,6.84609988
86105,Gabriel,De-La-O,Stephen F. Austin,FR,48,6.852223319
64531,Blake,Hyatt,Stephen F. Austin,JR,32,6.904685288
86117,Jackson,Parrish,Stephen F. Austin,SR,29,6.916715251
52062,Ashraf,Abdelmagid,Uc Riverside,SR,77,6.753374091
50348,Joshua,Mendoza,Uc Riverside,SR,75,6.761527959
42730,Andrew,Castellon,Uc Riverside,SR,72,6.769388349
50351,Sean,Caster,Uc Riverside,JR,70,6.777953877
72136,Tyler,Kaan,Uc Riverside,JR,69,6.780810824
50354,Noah,Murasmith,Uc Riverside,SR,67,6.78929907
67728,Lance,Denhalter,Uc Riverside,RS,64,6.79721501
67731,Andrew,Parkinson,Uc Riverside,SR,62,6.805978608
82182,Baptiste,Garderes,Uc Riverside,SO,59,6.815185617
107123,Jarron,Chua,Uc Riverside,FR,52,6.839325814
33608,Bailey,Rockholt,Uc Riverside,SR,50,6.844863233
107128,Kai,Marotta,Uc Riverside,FR,48,6.850542372
60095,Felix,Diaz,Uc Riverside,SO,47,6.85585056
82186,Gavyn,Condit,Uc Riverside,JR,44,6.864057541
88258,Diego,Valdes,Uc Riverside,RS,42,6.871822651
50362,Zachary,Cadima,Uc Riverside,JR,40,6.878697986
73620,Tryon,Jardin,Nevada,JR,76,6.757216043
10175,Daniel,Sayo,Nevada,SR,76,6.757918781
80963,Jaedyn,Chase,Nevada,SO,69,6.779584513
10195,Celime,Garcia,Nevada,SR,69,6.782385846
43109,Soma,Baligad,Nevada,JR,68,6.783142457
98876,Eddie,Yunker,Nevada,FR,63,6.800622051
57758,Sergio,Mazon,Nevada,JR,63,6.80160126
98878,Austin,Key,Nevada,FR,62,6.806103461
80971,Dillon,Walker,Nevada,SO,61,6.806823795
43090,Zander,Simone,Nevada,JR,61,6.808118492
89798,Jackson,Hammons,Nevada,SO,59,6.815322934
43105,Pierce,Simpkins,Nevada,JR,58,6.817225923
80960,Danyom,Yosief,Nevada,FR,53,6.835090648
43106,Alfonso,Parsare,Nevada,JR,53,6.836660797
107045,Cael,Mattioli,Nevada,FR,52,6.837665252
98881,James,Gramling,Nevada,FR,50,6.844373575
99493,Rico,Leijenaar,Nebraska,FR,76,6.759018401
60146,Trevor,Acton,Nebraska,JR,72,6.772014608
71800,Sam,Kirchner,Nebraska,SO,71,6.773819026
99487,Denny,Chapman,Nebraska,FR,70,6.776898394
48998,Liem,Chot,Nebraska,SR,69,6.782292216
66193,Grant,Wasserman,Nebraska,SO,68,6.783129962
99488,Riley,Boonstra,Nebraska,FR,63,6.802891219
106818,Max,Myers,Nebraska,FR,62,6.804503037
99489,Jack,Witte,Nebraska,FR,60,6.811865684
66198,Colby,Erdkamp,Nebraska,SO,56,6.824447213
66200,Joe,Volkmer,Nebraska,SO,56,6.825048417
106824,Gabe,Nash,Nebraska,SO,45,6.860599138
66204,Nolan,Miller,Nebraska,FR,45,6.862272535
99509,Luca,Arcuri,Nebraska,FR,39,6.880839106
61611,Gidion,Sigei,Norfolk State,SR,81,6.740381304
91346,Raphael,Kitur,Norfolk State,SR,78,6.749444478
75284,Brian,Rotich,Norfolk State,SR,77,6.754983684
93229,Victor,Jumo,Norfolk State,JR,72,6.770124997
91352,Evans,Pololet,Norfolk State,JR,57,6.821735571
94709,Basil,Koech,Norfolk State,SO,50,6.846186467
105282,Christopher,Bett,Norfolk State,SO,35,6.895939315
91357,Jelani,Johnson,Norfolk State,FR,4,7.000267037
73620,Tryon,Jardin,Nevada,JR,76,6.757216043
10175,Daniel,Sayo,Nevada,SR,76,6.757918781
80963,Jaedyn,Chase,Nevada,SO,69,6.779584513
10195,Celime,Garcia,Nevada,SR,69,6.782385846
43109,Soma,Baligad,Nevada,JR,68,6.783142457
98876,Eddie,Yunker,Nevada,FR,63,6.800622051
57758,Sergio,Mazon,Nevada,JR,63,6.80160126
98878,Austin,Key,Nevada,FR,62,6.806103461
80971,Dillon,Walker,Nevada,SO,61,6.806823795
43090,Zander,Simone,Nevada,JR,61,6.808118492
89798,Jackson,Hammons,Nevada,SO,59,6.815322934
43105,Pierce,Simpkins,Nevada,JR,58,6.817225923
80960,Danyom,Yosief,Nevada,FR,53,6.835090648
43106,Alfonso,Parsare,Nevada,JR,53,6.836660797
107045,Cael,Mattioli,Nevada,FR,52,6.837665252
98881,James,Gramling,Nevada,FR,50,6.844373575
91092,Gus,Gannon,Rice,SO,78,6.75100194
6127,Elliot,Metcalf,Rice,SR,71,6.77447984
91096,Ben,Tijerina,Rice,SO,70,6.777195122
70710,Jackson,Moran,Rice,JR,69,6.779665907
70713,Grant,Samara,Rice,JR,67,6.786236399
92237,Filippo,Aldrovandi-Reina,Rice,SO,66,6.791676152
54650,Wesley,Wright,Rice,SR,63,6.800795679
6133,Davis,Thames,Rice,JR,62,6.803427197
54652,Andrew,Murray,Rice,RS,61,6.80958286
70715,Will,McDermott,Rice,JR,59,6.815383712
105843,Brandon,Martz,Rice,FR,58,6.818469973
70712,Tyler,Strothman,Rice,JR,54,6.831362563
109776,Riley,Kuhlman,Rice,SO,50,6.846475563
70724,Caleb,Wilson,Rice,JR,46,6.85888695
96949,Muhammed,Ahmed,Uc Davis,JR,77,6.755756831
82166,Ethan,Brooks,Uc Davis,JR,76,6.757233879
52040,Austin,Vasquez,Uc Davis,JR,73,6.767881012
61731,Chris,Coles,Uc Davis,JR,70,6.779155406
58908,Michael,Cooper,Uc Davis,JR,67,6.787909708
82170,Nick,Herrmann,Uc Davis,SO,66,6.790755885
96948,Hayden,Brooks,Uc Davis,FR,64,6.796933972
96955,Caden,Hicks,Uc Davis,FR,62,6.806238438
61737,Zachary,Graeber,Uc Davis,JR,60,6.811660884
90141,Donavan,Cheruiyot,Uc Davis,SO,59,6.813485536
61745,Chance,Tokubo,Uc Davis,JR,59,6.813809011
52059,Dylan,Gunn,Uc Davis,JR,57,6.822099927
52047,Isaiah,Galindo,Uc Davis,JR,55,6.826990374
87692,Troy,Esparza,Uc Davis,SO,50,6.845538783
96971,Lucas,Tam,Uc Davis,FR,50,6.84603138
53278,Zander,Cobb,Wichita State,JR,78,6.752411404
46517,Yared,Kidane,Wichita State,JR,76,6.756321534
61965,Adrian,Diaz-Lopez,Wichita State,JR,75,6.762370882
12414,Adam,Rzentkowski,Wichita State,RS,74,6.765678209
29993,Trey,Rios,Wichita State,JR,72,6.770203886
61966,Cesar,Ramirez,Wichita State,JR,69,6.780204889
96218,Colin,Graham,Wichita State,FR,67,6.788310776
96216,Jonah,Allison,Wichita State,SO,67,6.788643875
76592,Aidan,Reyna,Wichita State,SO,65,6.794516665
96214,Ian,Schram,Wichita State,FR,64,6.796641571
73618,Jacob,Meyers,Wichita State,RS,64,6.797421004
56426,Erik,Enriquez,Wichita State,SR,64,6.798608185
61963,Riley,Vandaveer,Wichita State,JR,63,6.801196104
96219,Landen,O'Neil,Wichita State,FR,58,6.818379407
96217,Bennett,Meoli,Wichita State,FR,53,6.835128265
61948,Ian,Hunter,Wichita State,JR,45,6.863412598
44539,James,Sullivan,Central Connecticut,SR,73,6.768998291
30598,Jake,Ireland,Central Connecticut,SR,73,6.769300402
85472,Aidan,Budge,Central Connecticut,SO,72,6.770966399
109123,Brendan,Mellitt,Central Connecticut,SR,71,6.775466079
60618,Mark,Rodriguez,Central Connecticut,JR,67,6.789514598
22063,Eddie,Nicholas,Central Connecticut,SR,64,6.796914441
30635,Chris,Abbey,Central Connecticut,JR,63,6.802820065
94844,Michael,Kraszewski,Central Connecticut,FR,59,6.814894531
60620,Salvatore,Masciarelli,Central Connecticut,JR,58,6.819507183
30628,Ryan,McCauley,Central Connecticut,JR,56,6.823285595
85473,Calvin,Young,Central Connecticut,SO,56,6.82445439
85475,Nick,Fusco,Central Connecticut,SO,54,6.832106507
75632,Israel,Caro-IV,Central Connecticut,SO,51,6.842974986
85474,Steven,Baah-Mensah,Central Connecticut,SR,51,6.843065681
73208,Joe,Lauria,Central Connecticut,JR,50,6.845270455
85476,Andrew,Hedges,Central Connecticut,SO,46,6.857008838
73209,Gabriel,Kwarteng,Central Connecticut,JR,39,6.883395125
73206,Dylan,Forrester,Central Connecticut,JR,37,6.88831253
85481,Logan,Crowley,Central Connecticut,SO,37,6.88983222
109387,Ryan,Scappaticci,Central Connecticut,SO,37,6.889938079
85482,Jack,Ciambra,Central Connecticut,FR,30,6.913880627
91092,Gus,Gannon,Rice,SO,78,6.75100194
6127,Elliot,Metcalf,Rice,SR,71,6.77447984
91096,Ben,Tijerina,Rice,SO,70,6.777195122
70710,Jackson,Moran,Rice,JR,69,6.779665907
70713,Grant,Samara,Rice,JR,67,6.786236399
92237,Filippo,Aldrovandi-Reina,Rice,SO,66,6.791676152
54650,Wesley,Wright,Rice,SR,63,6.800795679
6133,Davis,Thames,Rice,JR,62,6.803427197
54652,Andrew,Murray,Rice,RS,61,6.80958286
70715,Will,McDermott,Rice,JR,59,6.815383712
105843,Brandon,Martz,Rice,FR,58,6.818469973
70712,Tyler,Strothman,Rice,JR,54,6.831362563
109776,Riley,Kuhlman,Rice,SO,50,6.846475563
70724,Caleb,Wilson,Rice,JR,46,6.85888695
72800,Michael,Bohlke,George Washington,SO,77,6.75331237
40447,Kevin,Conlon,George Washington,JR,75,6.760772983
72798,Jacob,Heredia,George Washington,JR,74,6.765688366
72753,Austin,Brotemarkle,George Washington,JR,70,6.777040677
78850,Brayden,Bayek,George Washington,SO,67,6.78666661
108837,Charles,Mbuthia,George Washington,FR,65,6.794627806
71396,Yehonatan,Haim,George Washington,JR,63,6.800890503
102048,Jimmy,Gildea,George Washington,FR,62,6.804296202
78855,Colin,Funk,George Washington,FR,62,6.805048081
78851,Cole,McCue,George Washington,SO,61,6.80680559
78858,Joe,Fahrney,George Washington,SO,60,6.812249921
40461,Pierce,Kapustka,George Washington,SR,60,6.812482468
86941,Henry,Horne,George Washington,FR,47,6.854479941
78853,Pete,Pignetti,George Washington,FR,45,6.863267283
78857,Andrew,McCabe,George Washington,FR,44,6.864061079
102050,Wesley,Kaukas-Quinn,George Washington,FR,44,6.866342547
78852,Cory,Chambers,George Washington,FR,43,6.868776767
78856,Tobias,Janssen,George Washington,FR,42,6.872320597
36406,Nicholas,Perkins,IUPUI,JR,76,6.757569657
12403,Nate,Kaiser,IUPUI,SR,75,6.759856444
36407,Eric,Petersen,IUPUI,JR,74,6.762656717
54319,Grant,Moon,IUPUI,SR,71,6.775373939
106202,Luke,Shappell,IUPUI,FR,70,6.777697886
35797,Mitchell,Gits,IUPUI,SR,68,6.784582962
35803,Mitchell,Rans,IUPUI,JR,67,6.78879249
65383,Matthew,Mitsch,IUPUI,JR,66,6.789962328
65378,Will,Clark,IUPUI,SO,66,6.790012258
83172,Deion,Guise,IUPUI,FR,65,6.796173153
60145,Jack,Acton,IUPUI,JR,63,6.802906095
108886,Riley,Nixon,IUPUI,FR,60,6.810074654
46946,Wilson,Whicker,IUPUI,JR,56,6.823776084
108887,Joey,LaPatra,IUPUI,FR,55,6.829419598
109867,Joey,Ashman,IUPUI,FR,53,6.835653309
95159,Noah,Price,IUPUI,FR,52,6.839048503
103545,Ethan,Walsh,IUPUI,SO,52,6.84004066
109877,Cameron,Smith,IUPUI,FR,51,6.840129945
95164,Jay,Pillai,IUPUI,FR,51,6.842778405
109878,Sam,Grimes,IUPUI,FR,50,6.845099774
65381,Alex,Alba,IUPUI,JR,50,6.846566961
83182,Nolan,King,IUPUI,SO,49,6.848499901
95168,Andrew,Blake,IUPUI,FR,47,6.854337783
35813,Justin,Amburgy,IUPUI,JR,45,6.861924612
95169,Nicholas,Probst,IUPUI,FR,45,6.863453787
98609,Gideon,Mengich,Arizona,FR,79,6.746805314
62968,Iker,Sanchez-Lopez,Arizona,JR,75,6.759960972
62967,Ian,Sanchez-Lopez,Arizona,JR,73,6.768650072
83706,Michael,Urbanski,Arizona,SO,71,6.772993989
62965,Cooper,Quigley,Arizona,JR,70,6.779100511
62966,Noah,Jodon,Arizona,SO,68,6.783298948
62969,Brennan,Foody,Arizona,SO,66,6.792582147
83714,Gibson,Kibia,Arizona,FR,60,6.810446857
109979,Connor,Grusendorf,Arizona,FR,59,6.815959317
106150,Mateo,Pimienta,Arizona,FR,52,6.839833042
62971,Parker,Lehmann,Arizona,JR,47,6.854220546
90905,Cade,Russo,Arizona,SR,42,6.873384241
83716,Noah,Ray,Arizona,SO,40,6.87927703
42511,Ayden,Schilb,Arizona,JR,38,6.885596622
104406,Eldad,Mulugeta,UMBC,SR,81,6.741970287
97522,Daniel,Danilovitz,UMBC,FR,70,6.778327276
54385,Cameron,Hindle,UMBC,SR,70,6.778952768
47506,Mark,Unger,UMBC,SR,68,6.784055616
97527,Kieran,Mischke,UMBC,FR,62,6.806226913
34671,Zachary,Taylor,UMBC,SR,61,6.808002759
65432,Thomas,Foulkes,UMBC,JR,59,6.815179295
47508,Brendan,Cave,UMBC,SR,59,6.815957241
47505,Will,Sakowicz,UMBC,SR,55,6.828159871
65430,Alex,Xavier,UMBC,SO,55,6.828377546
65436,Liam,Meginniss,UMBC,RS,54,6.830299585
78854,John,Saltysiak,UMBC,SO,54,6.832391888
78861,Sofiane,Compaorg,UMBC,SO,53,6.836156174
34666,Daron,Taylor,UMBC,SR,50,6.844137672
97526,Jackson,Steinbrenner,UMBC,FR,49,6.849402435
78859,Tyler,Edson,UMBC,SO,48,6.85247853
97529,Justin,Banks,UMBC,FR,44,6.866478822
97530,Weston,Carr,UMBC,FR,44,6.867050284
97525,Grayson,Ruffner,UMBC,FR,43,6.86868329
65433,Xander,Barton,UMBC,SO,38,6.884201547
97531,Kohl,Girley,UMBC,FR,35,6.897207177
78868,Aidan,Lundberg,UMBC,RS,17,6.958069047
47511,Mack,McKeever,UMBC,SR,15,6.963500606
26419,Micah,Gilpatric,Charleston Southern,RS,85,6.726943249
72938,Sam,Waldin,Charleston Southern,SR,75,6.762205636
75274,Caleb,Kenyon,Charleston Southern,JR,70,6.777287835
97779,Matt,Bauer,Charleston Southern,SR,69,6.781132748
64478,Zack,Wedding,Charleston Southern,JR,68,6.782959554
64479,Jeff,Wedding,Charleston Southern,JR,67,6.78722185
105638,Zach,Mickler,Charleston Southern,JR,67,6.788956083
105639,Martin,Iriondo,Charleston Southern,FR,66,6.789609604
92510,Christian,Mariner,Charleston Southern,SO,62,6.804835576
59186,Jordan,Smith,Charleston Southern,SO,61,6.808182506
97778,Lin,Scott,Charleston Southern,FR,60,6.81302613
89008,Griffin,Gillespie,Charleston Southern,JR,56,6.823815734
97781,Steven,McCartney,Charleston Southern,FR,53,6.835368996
89011,Jack,McGahey,Charleston Southern,FR,52,6.838933718
89010,Mason,Raasch,Charleston Southern,SO,52,6.838945305
97780,Zech,Prater,Charleston Southern,FR,48,6.85163694
97784,Wesley,Haagstrom,Charleston Southern,FR,45,6.860681348
65969,Daniel,Chavez,Illinois-Chicago,JR,76,6.758341563
36419,Luke,Malone,Illinois-Chicago,SR,72,6.772008728
82488,Alexander,Das,Illinois-Chicago,SO,69,6.781472252
66004,Angel,Solis,Illinois-Chicago,JR,67,6.787023711
65970,Alex,Bacci,Illinois-Chicago,JR,66,6.790124054
82486,Theodore,Cunningham,Illinois-Chicago,SO,66,6.790472739
97295,Zachary,Close,Illinois-Chicago,FR,66,6.792388205
82487,Nolan,Rogers,Illinois-Chicago,SO,62,6.804080708
82494,Orlando,Hernandez,Illinois-Chicago,SO,60,6.811341822
88173,Jose,Lozano,Illinois-Chicago,SO,53,6.835749158
46513,Owen,Hassler,Illinois-Chicago,JR,47,6.855370015
104589,Brady,Kataoka,Illinois-Chicago,FR,46,6.859833881
82504,William,Huddleston,Illinois-Chicago,SO,35,6.894747733
97307,Rouen,Marv-Quinones,Illinois-Chicago,FR,19,6.950972431
73944,Freddy,Collins,Boston University,JR,82,6.737470403
53335,Robert,Hannon,Boston University,SR,76,6.756511216
40246,Matt,Mason,Boston University,JR,73,6.766023556
73945,Moritz,Ebbeskotte,Boston University,JR,72,6.772588388
73941,Parker,Schneider,Boston University,JR,71,6.773306192
53334,Alex,Brown,Boston University,SR,71,6.775511575
94838,Daniel,Hruska,Boston University,FR,69,6.782541914
73929,Tucker,Bowerfind,Boston University,JR,67,6.786234407
64253,Glenn,Bell,Boston University,JR,67,6.78821619
91355,Karsen,Vesty,Boston University,SO,66,6.790574734
94839,James,American-Horse,Boston University,FR,66,6.792887088
64252,Charlie,Tuttle,Boston University,JR,63,6.802658587
94840,Isaac,Mahler,Boston University,FR,57,6.821177177
94847,Jacob,Sushinsky,Boston University,FR,56,6.824757949
57660,Will,Loggia,Boston University,SR,54,6.830326335
73955,Caiden,Lee,Boston University,JR,53,6.833587897
94845,Brandon,Piedade,Boston University,FR,50,6.846076765
81187,Daniel,Demonte,Boston University,SO,45,6.863350351
104406,Eldad,Mulugeta,UMBC,SR,81,6.741970287
97522,Daniel,Danilovitz,UMBC,FR,70,6.778327276
54385,Cameron,Hindle,UMBC,SR,70,6.778952768
47506,Mark,Unger,UMBC,SR,68,6.784055616
97527,Kieran,Mischke,UMBC,FR,62,6.806226913
34671,Zachary,Taylor,UMBC,SR,61,6.808002759
65432,Thomas,Foulkes,UMBC,JR,59,6.815179295
47508,Brendan,Cave,UMBC,SR,59,6.815957241
47505,Will,Sakowicz,UMBC,SR,55,6.828159871
65430,Alex,Xavier,UMBC,SO,55,6.828377546
65436,Liam,Meginniss,UMBC,RS,54,6.830299585
78854,John,Saltysiak,UMBC,SO,54,6.832391888
78861,Sofiane,Compaorg,UMBC,SO,53,6.836156174
34666,Daron,Taylor,UMBC,SR,50,6.844137672
97526,Jackson,Steinbrenner,UMBC,FR,49,6.849402435
78859,Tyler,Edson,UMBC,SO,48,6.85247853
97529,Justin,Banks,UMBC,FR,44,6.866478822
97530,Weston,Carr,UMBC,FR,44,6.867050284
97525,Grayson,Ruffner,UMBC,FR,43,6.86868329
65433,Xander,Barton,UMBC,SO,38,6.884201547
97531,Kohl,Girley,UMBC,FR,35,6.897207177
78868,Aidan,Lundberg,UMBC,RS,17,6.958069047
47511,Mack,McKeever,UMBC,SR,15,6.963500606
45217,Harry,Marson,Bucknell,SR,71,6.775374556
45223,Grayson,Crockett,Bucknell,SR,70,6.777006579
94303,Ethan,Pratt-Perez,Bucknell,FR,70,6.77710551
40248,Brendan,Mellitt,Bucknell,SO,70,6.777331067
63725,Henry,Didden,Bucknell,JR,68,6.783282049
54053,Ben,Santos,Bucknell,SR,68,6.78475643
45219,Bobby,Lynam,Bucknell,SR,65,6.795184482
88409,Jack,Higgins,Bucknell,FR,62,6.803704442
63732,Grant,Kern,Bucknell,JR,62,6.803737161
45218,Peter,Sorensen,Bucknell,SR,62,6.80614776
63724,Trent,Dinant,Bucknell,JR,61,6.807445732
63726,Mason,Siebenhaar,Bucknell,JR,60,6.812235536
63729,Jayson,Harmer,Bucknell,JR,59,6.813738556
45225,Thomas,White,Bucknell,SR,57,6.82168032
94306,David,Carillo,Bucknell,FR,57,6.823084284
63733,Max,Lagunoff,Bucknell,SR,56,6.823314648
63743,Peter,Clifford,Bucknell,JR,54,6.832320137
94305,Andrew,Young,Bucknell,FR,54,6.832445108
76881,Mason,Barlow,Bucknell,SO,54,6.833172427
45227,Max,DiCerbo,Bucknell,SR,52,6.83787295
76859,Lucas,Ward,Bucknell,SO,52,6.838609436
63741,Daniel,Hilmer,Bucknell,JR,51,6.842683282
45216,Stephen,Schousen,Bucknell,SR,49,6.848751073
94308,Dan,Wuenschel,Bucknell,FR,47,6.854770054
94315,Alexander,Goonewardene,Bucknell,FR,46,6.858471285
76870,Hayden,Singer,Bucknell,SO,44,6.865631297
94312,Carter,Boullard,Bucknell,SO,43,6.868121089
76882,Carter,Paul,Bucknell,SO,43,6.868960773
22101,Luke,Marsanskis,Maine,SR,85,6.726340108
22072,Alec,Troxell,Maine,RS,72,6.770906549
77974,Charlie,Collins,Maine,SO,71,6.775697661
56688,Ned,Farrington,Maine,SR,68,6.783152367
64991,Connor,Daigle,Maine,JR,64,6.799198915
47559,Fisher,Macklin,Maine,SR,60,6.811245917
57022,Lucas,Bergeron,Maine,SR,59,6.815157831
95666,Logan,Ross,Maine,SO,59,6.816236377
77972,Adam,Bendetson,Maine,SO,56,6.823300392
47558,James,Fahey,Maine,SR,55,6.828027971
77979,Jared,Fortenberry,Maine,FR,53,6.834908697
94264,Carter,Libby,Maine,FR,53,6.835457096
94255,Jack,Burns,Maine,FR,50,6.844051356
77981,Harrison,Grenier,Maine,RS,50,6.846767748
69842,Ethan,Charles,Maine,SO,48,6.852756613
47556,Myles,Quirion,Maine,RS,47,6.855308446
77975,Logan,Ouellette,Maine,FR,46,6.857417257
107225,Kyle,McClellan,Maine,FR,44,6.865855567
77991,Eli,Palmer,Maine,SO,42,6.871111208
94272,Jacob,Robinson-Smey,Maine,FR,37,6.890495197
107227,Kaleb,Colson,Maine,FR,30,6.911609988
93839,Abraham,Chelangam,Oral Roberts,SO,88,6.71760623
63769,Nicodemus,Rotich,Oral Roberts,SR,70,6.778070903
93844,Artwell,Magake,Oral Roberts,FR,66,6.792042378
77156,Andrew,Smithwick,Oral Roberts,SO,64,6.797604176
93849,Cornelius,Kipkogei,Oral Roberts,SO,61,6.808165599
77158,Alex,Ntiyani,Oral Roberts,SR,60,6.81208427
77160,Jaxson,Brooks,Oral Roberts,SO,47,6.855793051
93855,Alex,Keter,Oral Roberts,JR,46,6.860325176
77164,Jonah,Marvine,Oral Roberts,SO,45,6.862932035
62193,Jarrett,Ketchmark,Oral Roberts,JR,43,6.868572021
62644,Francisco,Santos,Oral Roberts,JR,38,6.885619048
77168,Anthony,Larin,Oral Roberts,SO,21,6.942675805
77172,Jet,Richard,Oral Roberts,FR,8,6.985691691
77174,Seth,Meyer,Oral Roberts,SO,-7,7.038210452
45217,Harry,Marson,Bucknell,SR,71,6.775374556
45223,Grayson,Crockett,Bucknell,SR,70,6.777006579
94303,Ethan,Pratt-Perez,Bucknell,FR,70,6.77710551
40248,Brendan,Mellitt,Bucknell,SO,70,6.777331067
63725,Henry,Didden,Bucknell,JR,68,6.783282049
54053,Ben,Santos,Bucknell,SR,68,6.78475643
45219,Bobby,Lynam,Bucknell,SR,65,6.795184482
88409,Jack,Higgins,Bucknell,FR,62,6.803704442
63732,Grant,Kern,Bucknell,JR,62,6.803737161
45218,Peter,Sorensen,Bucknell,SR,62,6.80614776
63724,Trent,Dinant,Bucknell,JR,61,6.807445732
63726,Mason,Siebenhaar,Bucknell,JR,60,6.812235536
63729,Jayson,Harmer,Bucknell,JR,59,6.813738556
45225,Thomas,White,Bucknell,SR,57,6.82168032
94306,David,Carillo,Bucknell,FR,57,6.823084284
63733,Max,Lagunoff,Bucknell,SR,56,6.823314648
63743,Peter,Clifford,Bucknell,JR,54,6.832320137
94305,Andrew,Young,Bucknell,FR,54,6.832445108
76881,Mason,Barlow,Bucknell,SO,54,6.833172427
45227,Max,DiCerbo,Bucknell,SR,52,6.83787295
76859,Lucas,Ward,Bucknell,SO,52,6.838609436
63741,Daniel,Hilmer,Bucknell,JR,51,6.842683282
45216,Stephen,Schousen,Bucknell,SR,49,6.848751073
94308,Dan,Wuenschel,Bucknell,FR,47,6.854770054
94315,Alexander,Goonewardene,Bucknell,FR,46,6.858471285
76870,Hayden,Singer,Bucknell,SO,44,6.865631297
94312,Carter,Boullard,Bucknell,SO,43,6.868121089
76882,Carter,Paul,Bucknell,SO,43,6.868960773
66355,Sam,Peterson,Eastern Michigan,JR,73,6.768954061
80409,Tyler,Dailey,Eastern Michigan,SO,71,6.772881519
80411,Ronan,Codyre,Eastern Michigan,SO,70,6.776685285
66354,Kian,Wiles,Eastern Michigan,SO,66,6.790740809
80417,Isaac,Garcia,Eastern Michigan,SO,66,6.79121146
80412,Lachlan,Cornelius,Eastern Michigan,SO,65,6.793338769
98452,AJ,Hawkins,Eastern Michigan,FR,54,6.830518459
66356,Joey,Furlong,Eastern Michigan,JR,54,6.831671952
66369,Grant,Sweningson,Eastern Michigan,JR,51,6.84298637
80422,Aaron,Schwieterman,Eastern Michigan,SO,50,6.84630456
98459,Eli,Bechdel,Eastern Michigan,FR,48,6.851573253
98461,Donovan,Johnson,Eastern Michigan,FR,46,6.85763046
80420,Carson,Vanderschaaf,Eastern Michigan,SO,45,6.860982906
66391,Carson,McCoy,Eastern Michigan,SO,45,6.863412844
98468,Nicholas,Kline,Eastern Michigan,FR,31,6.908465129
98477,Drew,Graves,Eastern Michigan,FR,6,6.99272288
105841,Dominic,Kiptum,Texas A&M-Cc,FR,81,6.739012962
54643,Kelvin,Kimaiyo,Texas A&M-Cc,JR,77,6.753252501
86101,Mathayo,Bundotich,Texas A&M-Cc,SO,76,6.758622748
96891,Diego,Canto,Texas A&M-Cc,FR,66,6.791204004
70707,Enock,Kimutai,Texas A&M-Cc,SR,62,6.804000131
54649,Roy,Gomez,Texas A&M-Cc,JR,62,6.805646803
96889,Emil,Hajjaj,Texas A&M-Cc,SR,62,6.806124995
96890,Ewan,Wheelwright,Texas A&M-Cc,JR,59,6.814177141
96892,Andrew,Rivas,Texas A&M-Cc,FR,55,6.82919927
96893,Phillip,Jensen-e-Castro,Texas A&M-Cc,FR,54,6.832292663
108890,Dillon,Smith,Texas A&M-Cc,FR,54,6.832502793
96888,Landon,Blankenship,Texas A&M-Cc,JR,52,6.838970563
70716,Logan,Rickey,Texas A&M-Cc,SR,48,6.851859608
86119,Dorian,Mayorga-Holloway,Texas A&M-Cc,SO,42,6.870812318
54662,Gregorio,Alcorta,Texas A&M-Cc,SR,42,6.872002099
96894,Mikey,Rodriguez,Texas A&M-Cc,FR,34,6.898214971
70722,Reece,Lara,Texas A&M-Cc,SO,13,6.969315923
70723,Matthew,Flores,Texas A&M-Cc,JR,5,6.996987385
105841,Dominic,Kiptum,Texas A&M-Cc,FR,81,6.739012962
54643,Kelvin,Kimaiyo,Texas A&M-Cc,JR,77,6.753252501
86101,Mathayo,Bundotich,Texas A&M-Cc,SO,76,6.758622748
96891,Diego,Canto,Texas A&M-Cc,FR,66,6.791204004
70707,Enock,Kimutai,Texas A&M-Cc,SR,62,6.804000131
54649,Roy,Gomez,Texas A&M-Cc,JR,62,6.805646803
96889,Emil,Hajjaj,Texas A&M-Cc,SR,62,6.806124995
96890,Ewan,Wheelwright,Texas A&M-Cc,JR,59,6.814177141
96892,Andrew,Rivas,Texas A&M-Cc,FR,55,6.82919927
96893,Phillip,Jensen-e-Castro,Texas A&M-Cc,FR,54,6.832292663
108890,Dillon,Smith,Texas A&M-Cc,FR,54,6.832502793
96888,Landon,Blankenship,Texas A&M-Cc,JR,52,6.838970563
70716,Logan,Rickey,Texas A&M-Cc,SR,48,6.851859608
86119,Dorian,Mayorga-Holloway,Texas A&M-Cc,SO,42,6.870812318
54662,Gregorio,Alcorta,Texas A&M-Cc,SR,42,6.872002099
96894,Mikey,Rodriguez,Texas A&M-Cc,FR,34,6.898214971
70722,Reece,Lara,Texas A&M-Cc,SO,13,6.969315923
70723,Matthew,Flores,Texas A&M-Cc,JR,5,6.996987385
66355,Sam,Peterson,Eastern Michigan,JR,73,6.768954061
80409,Tyler,Dailey,Eastern Michigan,SO,71,6.772881519
80411,Ronan,Codyre,Eastern Michigan,SO,70,6.776685285
66354,Kian,Wiles,Eastern Michigan,SO,66,6.790740809
80417,Isaac,Garcia,Eastern Michigan,SO,66,6.79121146
80412,Lachlan,Cornelius,Eastern Michigan,SO,65,6.793338769
98452,AJ,Hawkins,Eastern Michigan,FR,54,6.830518459
66356,Joey,Furlong,Eastern Michigan,JR,54,6.831671952
66369,Grant,Sweningson,Eastern Michigan,JR,51,6.84298637
80422,Aaron,Schwieterman,Eastern Michigan,SO,50,6.84630456
98459,Eli,Bechdel,Eastern Michigan,FR,48,6.851573253
98461,Donovan,Johnson,Eastern Michigan,FR,46,6.85763046
80420,Carson,Vanderschaaf,Eastern Michigan,SO,45,6.860982906
66391,Carson,McCoy,Eastern Michigan,SO,45,6.863412844
98468,Nicholas,Kline,Eastern Michigan,FR,31,6.908465129
98477,Drew,Graves,Eastern Michigan,FR,6,6.99272288
105262,Bismack,Kipchirchir,Akron,FR,86,6.722943351
79444,Brian,Masai,Akron,FR,83,6.732907556
105264,Moses,Lekokei,Akron,FR,81,6.742177888
87694,Titus,Kirui,Akron,SO,66,6.791764368
79451,Kyle,Stober,Akron,JR,63,6.802201125
79448,Zayd,Elkurd,Akron,FR,60,6.810235182
98188,Heriberto,Alvarez,Akron,SR,59,6.814263068
98193,Taye,Gonzalez,Akron,SO,54,6.83034561
98201,Emil,Stanford,Akron,FR,53,6.833797777
105266,Justin,Zapotoczny,Akron,SR,49,6.849801243
79463,Anthony,Nichols,Akron,SO,48,6.851681738
79485,Jean,Dieuvil,Akron,JR,45,6.863437684
79496,Ian,Deeter,Akron,SO,42,6.872547639
79493,Majid,Abuaun,Akron,SO,37,6.890498935
98211,Quinn,Hopkins,Akron,FR,23,6.936885596
64732,Anthony,Gargani,St. Joseph'S (Pa.),JR,70,6.777304597
73716,Will,Rau,St. Joseph'S (Pa.),JR,69,6.779848865
77770,Michael,Glavin,St. Joseph'S (Pa.),SO,68,6.784485572
53688,Kevin,Jumper,St. Joseph'S (Pa.),SR,68,6.784857952
53692,Noah,Deckert,St. Joseph'S (Pa.),SR,68,6.785091769
64746,Josh,Forrest,St. Joseph'S (Pa.),SR,68,6.785301139
64727,Jay,Shanahan,St. Joseph'S (Pa.),SR,67,6.786978166
64730,Colton,Johnson,St. Joseph'S (Pa.),SR,64,6.798892188
98220,Jack,Bolling,St. Joseph'S (Pa.),FR,64,6.799137156
77769,Ryan,Cichocki,St. Joseph'S (Pa.),SO,63,6.801604551
53689,Dawson,Baptiste,St. Joseph'S (Pa.),SR,63,6.801646993
53686,Aidan,Groff,St. Joseph'S (Pa.),SR,63,6.802874408
98221,Matt,Hoffman,St. Joseph'S (Pa.),FR,61,6.808081761
53690,Carter,Geer,St. Joseph'S (Pa.),SR,60,6.810708192
41270,Aidan,Doherty,St. Joseph'S (Pa.),SR,60,6.812213347
53684,Ethan,McIntyre,St. Joseph'S (Pa.),SR,57,6.8210861
77773,Ian,Romea,St. Joseph'S (Pa.),SO,57,6.821378396
53685,Vincent,Twomey,St. Joseph'S (Pa.),SR,56,6.825209749
98225,Brendan,Hefferan,St. Joseph'S (Pa.),FR,55,6.826673596
64739,Evan,McGregor,St. Joseph'S (Pa.),JR,55,6.827377617
77768,Tomek,Przybylak,St. Joseph'S (Pa.),JR,55,6.829555461
53687,Patrick,Coyle,St. Joseph'S (Pa.),SR,51,6.841121677
98228,Elijah,Stoudt,St. Joseph'S (Pa.),FR,45,6.861554234
74292,Cole,Wassell,St. Joseph'S (Pa.),SR,39,6.882541939
73715,Quinn,O'Dell,St. Joseph'S (Pa.),JR,38,6.886745665
91401,Tommy,Johnson,St. Joseph'S (Pa.),SR,36,6.89328981
73717,Zach,Williams,St. Joseph'S (Pa.),SR,32,6.904417537
75553,Owen,Hibshman,St. Joseph'S (Pa.),SO,19,6.951064732
77788,Aidan,Norris,St. Joseph'S (Pa.),SR,17,6.954720627
63730,Kaden,Kluth,American,JR,73,6.767086195
63727,Carver,Morgan,American,JR,71,6.775196396
63736,Cooper,Michaud,American,JR,67,6.787518736
76519,Mathias,Deldicque,American,SO,67,6.788315222
94055,Noah,Smith,American,FR,65,6.795724551
94064,Ty,Parker,American,FR,64,6.796582842
70608,Sean,Stuck,American,JR,61,6.806547099
94060,Jaden,Frederick,American,FR,61,6.808944303
94059,Daniel,Messer,American,FR,60,6.809951538
76515,David,Manfredi,American,SO,59,6.814608551
94065,Jacob,West,American,FR,57,6.823153571
63742,Daniel,O'Neill,American,JR,56,6.825218517
50152,Michael,Dua,American,JR,55,6.828470444
50154,Oscar,Counsell,American,JR,55,6.82977636
100592,Zack,Zerbe,American,FR,53,6.834659824
39325,Ethan,Puc,American,JR,52,6.837039809
86952,Hayden,Hauser,American,SO,52,6.838160622
94077,Barak,Goldstein,American,FR,48,6.850609211
94075,Ryan,Bickhart,American,FR,46,6.858256884
94079,Papakojo,Danquah,American,FR,34,6.900103536
76541,Jack,Chandler,American,SO,33,6.901344711
100597,Landon,Morrison,American,FR,27,6.922313263
63730,Kaden,Kluth,American,JR,73,6.767086195
63727,Carver,Morgan,American,JR,71,6.775196396
63736,Cooper,Michaud,American,JR,67,6.787518736
76519,Mathias,Deldicque,American,SO,67,6.788315222
94055,Noah,Smith,American,FR,65,6.795724551
94064,Ty,Parker,American,FR,64,6.796582842
70608,Sean,Stuck,American,JR,61,6.806547099
94060,Jaden,Frederick,American,FR,61,6.808944303
94059,Daniel,Messer,American,FR,60,6.809951538
76515,David,Manfredi,American,SO,59,6.814608551
94065,Jacob,West,American,FR,57,6.823153571
63742,Daniel,O'Neill,American,JR,56,6.825218517
50152,Michael,Dua,American,JR,55,6.828470444
50154,Oscar,Counsell,American,JR,55,6.82977636
100592,Zack,Zerbe,American,FR,53,6.834659824
39325,Ethan,Puc,American,JR,52,6.837039809
86952,Hayden,Hauser,American,SO,52,6.838160622
94077,Barak,Goldstein,American,FR,48,6.850609211
94075,Ryan,Bickhart,American,FR,46,6.858256884
94079,Papakojo,Danquah,American,FR,34,6.900103536
76541,Jack,Chandler,American,SO,33,6.901344711
100597,Landon,Morrison,American,FR,27,6.922313263
79930,Jamie,Burns,North Dakota,JR,75,6.760592486
97723,Matej,Hrebacka,North Dakota,FR,71,6.773926251
44341,Justin,Jelaca,North Dakota,RS,70,6.778846846
79929,Aleksa,Milanovic,North Dakota,SO,69,6.780226987
104732,Louis-Lys,Fanucchi,North Dakota,FR,69,6.782364032
79931,Ian,Busche,North Dakota,SO,67,6.787103672
15384,Patrick,Kipkemboi,North Dakota,JR,67,6.788388439
104731,Jonas,Weschle,North Dakota,FR,65,6.794085377
15392,Alec,Nelson,North Dakota,JR,64,6.799259915
79934,Niko,Angell,North Dakota,SO,62,6.803225156
64443,Eric,Weiss,North Dakota,JR,61,6.808408775
79933,Henrik,Lindstrot,North Dakota,RS,60,6.810322309
64444,AJ,Ash,North Dakota,SO,57,6.821924226
97724,Cian,Nagle,North Dakota,FR,56,6.823351481
79932,Ethan,Kimmel,North Dakota,SO,56,6.825088998
97725,Weston,Forward,North Dakota,FR,52,6.837825402
79935,Lennart,Lindstrot,North Dakota,RS,49,6.848684987
86196,Micah,Bruggeman,North Dakota,RS,22,6.941063302
94756,Travis,Martin,Connecticut,SR,76,6.758780595
86477,Sean,Ahern,Connecticut,JR,72,6.770914871
94758,Griffin,Mandirola,Connecticut,FR,68,6.785727615
86475,Alec,Sauter,Connecticut,SR,65,6.796041894
86479,Samuel,Geisler,Connecticut,JR,61,6.809523614
80011,Mahamed,Sharif,Connecticut,SR,52,6.837588772
94783,Kadin,Salaria,Connecticut,FR,37,6.887966035
80032,Nikita,Omelchenko,Connecticut,FR,27,6.922668625
62934,Declan,McDonnell,Monmouth,JR,81,6.739464145
40676,Sebastien,Reed,Monmouth,FR,76,6.759036253
41634,Sebastien,Reed,Monmouth,SR,68,6.783250534
48864,Tennessee,Tremain,Monmouth,JR,67,6.78895639
100102,Nick,Kuenkel,Monmouth,FR,64,6.799042831
95216,Tomas,Barry,Monmouth,FR,62,6.805146357
100109,Gavin,Rossi,Monmouth,FR,60,6.812411613
48870,Nico,Grilli,Monmouth,JR,59,6.815278306
80167,Niko,Ferrante,Monmouth,SO,57,6.82192809
100106,Joshua,Tejada,Monmouth,FR,57,6.822377271
48877,Aidan,Gilmore,Monmouth,SR,57,6.822417355
41635,Tyler,Clifford,Monmouth,JR,56,6.82368249
91397,Drew,Bowker,Monmouth,SO,56,6.823904755
100113,Jeremie,Garcia,Monmouth,SR,54,6.832395792
48880,Luke,Riley,Monmouth,JR,51,6.842866196
95218,Conor,Jacob,Monmouth,FR,48,6.853582969
100110,Ethan,Willard,Monmouth,RS,45,6.862069265
100115,Rocco,Pugliese,Monmouth,RS,44,6.863835907
48912,Thomas,Schulz,Monmouth,SR,44,6.865922803
48865,Holden,Betz,Monmouth,SR,43,6.870323816
41647,Stone,Caraccio,Monmouth,SR,41,6.875268735
100117,Liam,Vasquez,Monmouth,RS,41,6.875296935
109167,Aaron,Guensch,Monmouth,FR,35,6.895337314
92959,James,Martinez,Monmouth,JR,32,6.90706328
87106,Chalen,Bobish,Monmouth,JR,25,6.930528415
41649,Ian,Moore,Monmouth,SR,11,6.975991497
47587,Yami,Albrecht,Oakland,SR,75,6.761291386
98185,Michael,Hancock,Oakland,SR,72,6.771576839
63849,Wesley,Hollowell,Oakland,JR,70,6.777786337
60259,Tristan,Brandenburg,Oakland,SR,66,6.79154822
98186,Carter,McCalister,Oakland,FR,59,6.813818023
83178,Logan,Detweiler,Oakland,SO,59,6.815619805
63840,Josiah,Magley,Oakland,JR,58,6.817806023
98189,Collin,Farmer,Oakland,FR,58,6.81853797
98191,Joseph,Shaya,Oakland,SR,53,6.835527362
36415,Christian,Collis,Oakland,SR,50,6.845227835
98197,Brewer,Snay,Oakland,FR,45,6.862381402
98196,Bryce,Nowik,Oakland,FR,43,6.869333506
98202,Pierce,Grzymkowski,Oakland,FR,40,6.87762269
98200,Ethan,Sandula,Oakland,FR,35,6.897317163
79930,Jamie,Burns,North Dakota,JR,75,6.760592486
97723,Matej,Hrebacka,North Dakota,FR,71,6.773926251
44341,Justin,Jelaca,North Dakota,RS,70,6.778846846
79929,Aleksa,Milanovic,North Dakota,SO,69,6.780226987
104732,Louis-Lys,Fanucchi,North Dakota,FR,69,6.782364032
79931,Ian,Busche,North Dakota,SO,67,6.787103672
15384,Patrick,Kipkemboi,North Dakota,JR,67,6.788388439
104731,Jonas,Weschle,North Dakota,FR,65,6.794085377
15392,Alec,Nelson,North Dakota,JR,64,6.799259915
79934,Niko,Angell,North Dakota,SO,62,6.803225156
64443,Eric,Weiss,North Dakota,JR,61,6.808408775
79933,Henrik,Lindstrot,North Dakota,RS,60,6.810322309
64444,AJ,Ash,North Dakota,SO,57,6.821924226
97724,Cian,Nagle,North Dakota,FR,56,6.823351481
79932,Ethan,Kimmel,North Dakota,SO,56,6.825088998
97725,Weston,Forward,North Dakota,FR,52,6.837825402
79935,Lennart,Lindstrot,North Dakota,RS,49,6.848684987
86196,Micah,Bruggeman,North Dakota,RS,22,6.941063302
47587,Yami,Albrecht,Oakland,SR,75,6.761291386
98185,Michael,Hancock,Oakland,SR,72,6.771576839
63849,Wesley,Hollowell,Oakland,JR,70,6.777786337
60259,Tristan,Brandenburg,Oakland,SR,66,6.79154822
98186,Carter,McCalister,Oakland,FR,59,6.813818023
83178,Logan,Detweiler,Oakland,SO,59,6.815619805
63840,Josiah,Magley,Oakland,JR,58,6.817806023
98189,Collin,Farmer,Oakland,FR,58,6.81853797
98191,Joseph,Shaya,Oakland,SR,53,6.835527362
36415,Christian,Collis,Oakland,SR,50,6.845227835
98197,Brewer,Snay,Oakland,FR,45,6.862381402
98196,Bryce,Nowik,Oakland,FR,43,6.869333506
98202,Pierce,Grzymkowski,Oakland,FR,40,6.87762269
98200,Ethan,Sandula,Oakland,FR,35,6.897317163
93788,Jace,Poole,Tarleton State,SO,70,6.776468437
66719,Angel,Contreras,Tarleton State,SR,69,6.779581696
54068,Angel,Gomez,Tarleton State,SR,69,6.779626883
93789,Toby,Eaton,Tarleton State,FR,67,6.786469461
81341,Diego,Flores,Tarleton State,SO,63,6.802754456
81337,Kellen,Frickel,Tarleton State,SO,59,6.816306201
93795,Kebede,Kerlin,Tarleton State,FR,57,6.821869933
93797,Michael,Lopez,Tarleton State,FR,52,6.83808379
93799,Omer,Ibrahim,Tarleton State,FR,50,6.84489143
81348,Christopher,Moreno,Tarleton State,FR,50,6.846590622
66736,Ricky,Tolentino,Tarleton State,SO,44,6.867021094
70489,Alan,Alfaro,Tarleton State,JR,38,6.885789242
70496,Logan,Courtney,Tarleton State,JR,23,6.937172553
93810,Jayden,Busby,Tarleton State,SO,-4,7.026275189
58317,Victor,Neiva,North Texas,SR,79,6.749094274
85442,Connor,Bartek,North Texas,FR,70,6.776461005
6131,Mason,Garner,North Texas,SR,65,6.795307255
104440,Joseph,Wienen,North Texas,FR,64,6.797422209
102104,Logan,Tauch,North Texas,FR,64,6.798365581
102105,Matthew,Norton,North Texas,JR,63,6.801065999
104441,Nolan,House,North Texas,FR,62,6.803285543
104438,Iain,Salter,North Texas,JR,61,6.807623942
85447,Jake,Meyering,North Texas,FR,61,6.808000899
37913,Luke,Canon,North Texas,JR,61,6.80834732
93704,Matt,Montgomery,North Texas,FR,60,6.812843194
93703,David,Kalwahali,North Texas,FR,59,6.814542994
93702,Aidan,Shannon,North Texas,FR,54,6.83173886
81342,Alan,Proenza,North Texas,SO,53,6.835601161
81350,Jake,Johnson,North Texas,SO,52,6.838795232
93706,Hunter,Hendry,North Texas,FR,51,6.84011259
81345,Hardy,Swann,North Texas,SO,45,6.860504168
81351,Aiden,Kirkpatrick,North Texas,FR,44,6.865210176
81352,Landin,Wolfe,North Texas,SO,42,6.873441563
90530,Buddy,Burke,North Texas,FR,40,6.879149001
90534,Adrian,Gray,North Texas,FR,23,6.935821438
53547,Albert,Velikonja,Dartmouth,SR,82,6.738800495
53556,Mac,Hadden,Dartmouth,SR,75,6.760588289
57670,Ben,Williams,Dartmouth,SR,68,6.785685798
85314,Ashton,Bange,Dartmouth,SO,67,6.788476247
85316,Davy,Appleton,Dartmouth,JR,67,6.788805501
106917,Connor,Foley,Dartmouth,FR,65,6.793027914
101938,Baker,Pashea,Dartmouth,JR,65,6.794413957
69843,Eric,Sankey,Dartmouth,JR,64,6.79897425
85318,Patrick,Dowd,Dartmouth,SO,63,6.800659924
69835,Evan,Bork,Dartmouth,JR,62,6.803628292
69837,Richard,Moreno,Dartmouth,SO,62,6.803648777
105164,Max,Miller,Dartmouth,FR,62,6.806185625
105166,David,Jiang,Dartmouth,FR,60,6.812895739
106918,Noe,Kemper,Dartmouth,FR,59,6.815996468
105167,DJ,Matusz,Dartmouth,SR,57,6.820322375
105171,Asher,Beck,Dartmouth,FR,53,6.83667631
53558,Alex,Craig,Dartmouth,SR,48,6.851940453
101953,Tyler,Schill,Dartmouth,SO,37,6.889939805
106921,Keion,Grieves,Dartmouth,FR,36,6.892607803
109388,Ayush,Saran,Dartmouth,SO,26,6.925789702
58317,Victor,Neiva,North Texas,SR,79,6.749094274
85442,Connor,Bartek,North Texas,FR,70,6.776461005
6131,Mason,Garner,North Texas,SR,65,6.795307255
104440,Joseph,Wienen,North Texas,FR,64,6.797422209
102104,Logan,Tauch,North Texas,FR,64,6.798365581
102105,Matthew,Norton,North Texas,JR,63,6.801065999
104441,Nolan,House,North Texas,FR,62,6.803285543
104438,Iain,Salter,North Texas,JR,61,6.807623942
85447,Jake,Meyering,North Texas,FR,61,6.808000899
37913,Luke,Canon,North Texas,JR,61,6.80834732
93704,Matt,Montgomery,North Texas,FR,60,6.812843194
93703,David,Kalwahali,North Texas,FR,59,6.814542994
93702,Aidan,Shannon,North Texas,FR,54,6.83173886
81342,Alan,Proenza,North Texas,SO,53,6.835601161
81350,Jake,Johnson,North Texas,SO,52,6.838795232
93706,Hunter,Hendry,North Texas,FR,51,6.84011259
81345,Hardy,Swann,North Texas,SO,45,6.860504168
81351,Aiden,Kirkpatrick,North Texas,FR,44,6.865210176
81352,Landin,Wolfe,North Texas,SO,42,6.873441563
90530,Buddy,Burke,North Texas,FR,40,6.879149001
90534,Adrian,Gray,North Texas,FR,23,6.935821438
53547,Albert,Velikonja,Dartmouth,SR,82,6.738800495
53556,Mac,Hadden,Dartmouth,SR,75,6.760588289
57670,Ben,Williams,Dartmouth,SR,68,6.785685798
85314,Ashton,Bange,Dartmouth,SO,67,6.788476247
85316,Davy,Appleton,Dartmouth,JR,67,6.788805501
106917,Connor,Foley,Dartmouth,FR,65,6.793027914
101938,Baker,Pashea,Dartmouth,JR,65,6.794413957
69843,Eric,Sankey,Dartmouth,JR,64,6.79897425
85318,Patrick,Dowd,Dartmouth,SO,63,6.800659924
69835,Evan,Bork,Dartmouth,JR,62,6.803628292
69837,Richard,Moreno,Dartmouth,SO,62,6.803648777
105164,Max,Miller,Dartmouth,FR,62,6.806185625
105166,David,Jiang,Dartmouth,FR,60,6.812895739
106918,Noe,Kemper,Dartmouth,FR,59,6.815996468
105167,DJ,Matusz,Dartmouth,SR,57,6.820322375
105171,Asher,Beck,Dartmouth,FR,53,6.83667631
53558,Alex,Craig,Dartmouth,SR,48,6.851940453
101953,Tyler,Schill,Dartmouth,SO,37,6.889939805
106921,Keion,Grieves,Dartmouth,FR,36,6.892607803
109388,Ayush,Saran,Dartmouth,SO,26,6.925789702
93788,Jace,Poole,Tarleton State,SO,70,6.776468437
66719,Angel,Contreras,Tarleton State,SR,69,6.779581696
54068,Angel,Gomez,Tarleton State,SR,69,6.779626883
93789,Toby,Eaton,Tarleton State,FR,67,6.786469461
81341,Diego,Flores,Tarleton State,SO,63,6.802754456
81337,Kellen,Frickel,Tarleton State,SO,59,6.816306201
93795,Kebede,Kerlin,Tarleton State,FR,57,6.821869933
93797,Michael,Lopez,Tarleton State,FR,52,6.83808379
93799,Omer,Ibrahim,Tarleton State,FR,50,6.84489143
81348,Christopher,Moreno,Tarleton State,FR,50,6.846590622
66736,Ricky,Tolentino,Tarleton State,SO,44,6.867021094
70489,Alan,Alfaro,Tarleton State,JR,38,6.885789242
70496,Logan,Courtney,Tarleton State,JR,23,6.937172553
93810,Jayden,Busby,Tarleton State,SO,-4,7.026275189
58317,Victor,Neiva,North Texas,SR,79,6.749094274
85442,Connor,Bartek,North Texas,FR,70,6.776461005
6131,Mason,Garner,North Texas,SR,65,6.795307255
104440,Joseph,Wienen,North Texas,FR,64,6.797422209
102104,Logan,Tauch,North Texas,FR,64,6.798365581
102105,Matthew,Norton,North Texas,JR,63,6.801065999
104441,Nolan,House,North Texas,FR,62,6.803285543
104438,Iain,Salter,North Texas,JR,61,6.807623942
85447,Jake,Meyering,North Texas,FR,61,6.808000899
37913,Luke,Canon,North Texas,JR,61,6.80834732
93704,Matt,Montgomery,North Texas,FR,60,6.812843194
93703,David,Kalwahali,North Texas,FR,59,6.814542994
93702,Aidan,Shannon,North Texas,FR,54,6.83173886
81342,Alan,Proenza,North Texas,SO,53,6.835601161
81350,Jake,Johnson,North Texas,SO,52,6.838795232
93706,Hunter,Hendry,North Texas,FR,51,6.84011259
81345,Hardy,Swann,North Texas,SO,45,6.860504168
81351,Aiden,Kirkpatrick,North Texas,FR,44,6.865210176
81352,Landin,Wolfe,North Texas,SO,42,6.873441563
90530,Buddy,Burke,North Texas,FR,40,6.879149001
90534,Adrian,Gray,North Texas,FR,23,6.935821438
72046,Seth,Babbel,Idaho State,JR,76,6.75783389
67004,Sunny,Gunn,Idaho State,JR,72,6.771819207
24775,Cade,Smith,Idaho State,SR,68,6.785396272
35989,Brandon,Walker,Idaho State,SR,65,6.796026447
89888,Clark,Baker,Idaho State,FR,63,6.799924399
96781,Jacob,DeTemple,Idaho State,SO,59,6.813172371
67005,Gavin,Pollock,Idaho State,JR,59,6.815053232
96807,Jared,Harden,Idaho State,FR,55,6.829190608
106665,Zac,Pollock,Idaho State,FR,49,6.847264746
96796,Sam,Jeppsen,Idaho State,FR,46,6.857945435
96814,Brody,Burch,Idaho State,FR,36,6.893108721
90552,Daniel,Roswell,Idaho State,FR,34,6.898333683
57754,Zeno,Castiglioni,UC San Diego,SR,72,6.770746231
50353,Jordan,Haney,UC San Diego,SR,71,6.775580488
50360,Charlie,Frank,UC San Diego,JR,68,6.783016521
67314,Evan,Hild,UC San Diego,JR,65,6.794720752
67316,Luke,Stefanou,UC San Diego,SO,64,6.798061931
52054,Andrew,Schulz,UC San Diego,JR,64,6.798341612
50355,Ian,Gerth,UC San Diego,JR,63,6.800278238
67312,Michael,Julian,UC San Diego,SO,63,6.800623496
50359,Nathan,Garderes,UC San Diego,JR,61,6.807092467
94546,Kai,Dettman,UC San Diego,SR,60,6.81160393
83887,Tate,Meaux,UC San Diego,SO,56,6.824434835
85639,Shane,Badcock,UC San Diego,SO,55,6.829185826
94567,Jeffrey,Keeney,UC San Diego,FR,54,6.832060968
94560,Joseph,Vargas,UC San Diego,FR,50,6.846578915
94570,Corbin,Hobert,UC San Diego,FR,45,6.860654542
94574,Taiyo,Ariga,UC San Diego,FR,45,6.863602079
94566,Sully,Nordheim,UC San Diego,SR,43,6.868868476
67318,Thomas,Fry,UC San Diego,JR,42,6.872746033
49809,Noah,Hasselblad,Eastern Washington,SR,72,6.769790594
77662,Evan,Peters,Eastern Washington,SR,70,6.776737374
67662,Marcus,Lemon,Eastern Washington,JR,66,6.791254773
77657,Cam,McChesney,Eastern Washington,JR,66,6.792795201
49821,Austin,Steed,Eastern Washington,SR,65,6.7951876
49824,Jesus,Herrejon,Eastern Washington,SR,64,6.797507386
77663,Charlie,Ledwith,Eastern Washington,SO,61,6.807588654
88006,Owen,Higgins,Eastern Washington,SO,61,6.80857095
67664,Anthony,Carlascio,Eastern Washington,JR,55,6.829617162
77659,John,Hoffer,Eastern Washington,FR,54,6.831157593
95268,Evan,Cheney,Eastern Washington,FR,47,6.855922829
28147,Danny,Maxwell,Eastern Washington,JR,42,6.872364695
108975,Max,Meadows,Eastern Washington,RS,41,6.873967832
83717,Noah,Holden,Eastern Washington,RS,31,6.909064732
104570,Emedy,Ruto,LSU,FR,76,6.758995817
82070,Casey,Goetschel,LSU,SO,69,6.781082348
82062,Hugh,Carlson,LSU,SO,68,6.783846098
63967,Tyler,Stevens,LSU,SO,64,6.798912256
16562,Will,Dart,LSU,SR,62,6.805566816
89838,Rhen,Langley,LSU,SO,61,6.807323639
82063,Rob,Buisson,LSU,SO,61,6.808855881
63966,Dyllon,Nimmers,LSU,SR,61,6.809589577
55443,Jack,Wallace,LSU,JR,59,6.813867425
97196,Trenton,Sandler,LSU,SO,57,6.821909878
82068,Alex,Holbrook,LSU,SO,50,6.845281974
97198,Thomas,Rogers,LSU,FR,49,6.849039614
104572,Michael,Vocke,LSU,FR,31,6.90996468
97228,Caleb,Rivera,South Dakota,SR,75,6.762344064
97231,Isaac,Ochoa,South Dakota,FR,68,6.782953384
97229,Natnael,Kifle,South Dakota,FR,68,6.785017989
92550,Piercze,Marshall,South Dakota,SO,65,6.795383226
97230,Trevor,Thomsen,South Dakota,FR,62,6.805865443
81680,Carson,Lauterbach,South Dakota,JR,60,6.810726945
52657,Mason,Sindelar,South Dakota,RS,60,6.811193492
52686,Riley,Ruhaak,South Dakota,RS,53,6.834101304
66213,Seth,Fey,South Dakota,RS,53,6.834633071
81694,Trevor,Hiatt,South Dakota,SO,45,6.862271767
81695,Grant,Dixon,South Dakota,RS,45,6.862659297
56434,John,Swotek,South Dakota,JR,43,6.869942783
52654,Jarek,Glenn,South Dakota,JR,41,6.874669204
49809,Noah,Hasselblad,Eastern Washington,SR,72,6.769790594
77662,Evan,Peters,Eastern Washington,SR,70,6.776737374
67662,Marcus,Lemon,Eastern Washington,JR,66,6.791254773
77657,Cam,McChesney,Eastern Washington,JR,66,6.792795201
49821,Austin,Steed,Eastern Washington,SR,65,6.7951876
49824,Jesus,Herrejon,Eastern Washington,SR,64,6.797507386
77663,Charlie,Ledwith,Eastern Washington,SO,61,6.807588654
88006,Owen,Higgins,Eastern Washington,SO,61,6.80857095
67664,Anthony,Carlascio,Eastern Washington,JR,55,6.829617162
77659,John,Hoffer,Eastern Washington,FR,54,6.831157593
95268,Evan,Cheney,Eastern Washington,FR,47,6.855922829
28147,Danny,Maxwell,Eastern Washington,JR,42,6.872364695
108975,Max,Meadows,Eastern Washington,RS,41,6.873967832
83717,Noah,Holden,Eastern Washington,RS,31,6.909064732
39663,Zane,Jackson,St. Mary'S (Cal.),JR,73,6.766966975
96946,Francisco,Felix,St. Mary'S (Cal.),JR,69,6.781013751
54229,Blaine,Reynolds,St. Mary'S (Cal.),SR,67,6.78928919
96945,Jacob,Moffett,St. Mary'S (Cal.),FR,67,6.789291803
54232,Curtis,Volf,St. Mary'S (Cal.),SR,66,6.792812475
42834,TK,Berhe,St. Mary'S (Cal.),SR,65,6.795396751
90139,Cayden,Hein,St. Mary'S (Cal.),SR,64,6.797695548
80969,Eric,Martinez,St. Mary'S (Cal.),SO,64,6.797919537
80985,Jason,Habash,St. Mary'S (Cal.),SO,63,6.801781378
54242,Aidan,Donovan,St. Mary'S (Cal.),SR,62,6.805885721
33660,Luke,Bland,St. Mary'S (Cal.),SR,61,6.806631902
8651,Jonathan,Velasco,St. Mary'S (Cal.),SR,61,6.808571556
61757,Amelio,Chio,St. Mary'S (Cal.),SR,60,6.810507544
61739,Noah,Pagaran,St. Mary'S (Cal.),SO,60,6.81198007
54244,Troy,Coulston,St. Mary'S (Cal.),SR,58,6.818084159
80974,Alexandro,Alvarez,St. Mary'S (Cal.),SO,57,6.823082106
96956,Ethan,Gray,St. Mary'S (Cal.),FR,55,6.827065728
80973,Luther,Hart,St. Mary'S (Cal.),SO,54,6.830272331
96961,Julius,Largaespada,St. Mary'S (Cal.),JR,51,6.842741988
80983,Sam,Andersen,St. Mary'S (Cal.),FR,50,6.844430064
33665,Payton,Fox,St. Mary'S (Cal.),JR,49,6.847168771
33664,Thomas,Osborne,St. Mary'S (Cal.),JR,48,6.85049918
33663,Angel,Castro,St. Mary'S (Cal.),JR,48,6.85318997
80984,Kellen,Steplight,St. Mary'S (Cal.),SO,45,6.863549219
38627,Max,Barnes,St. Mary'S (Cal.),JR,37,6.887616726
106693,Diego,Uridales,St. Mary'S (Cal.),FR,36,6.891126772
54245,Jacob,Bravo,St. Mary'S (Cal.),SR,33,6.901418299
96979,Moss,Michelsen,St. Mary'S (Cal.),FR,20,6.945697495
61755,Bryan,Cromartie,St. Mary'S (Cal.),SO,19,6.95086538
110036,Gus,Hollister,St. Mary'S (Cal.),FR,18,6.953848186
110037,Jacob,Mcnitt,St. Mary'S (Cal.),JR,7,6.991009067
36089,Josh,Stone,Binghamton,SR,79,6.746417452
61120,Andrew,Rosenblatt,Binghamton,JR,68,6.784448292
94717,Robert,Mayclim,Binghamton,FR,66,6.791409478
61122,Austin,Wefer,Binghamton,JR,62,6.804846141
109163,Nick,Thomas,Binghamton,FR,61,6.809477888
76869,Luke,Miklus,Binghamton,SO,60,6.811706819
94720,Oliver,Jibb,Binghamton,FR,60,6.812787378
94718,Asa,Friedrich,Binghamton,JR,57,6.820559794
76864,Tim,Smith,Binghamton,SO,53,6.834516229
76854,Liam,Cody,Binghamton,SO,50,6.844404496
94722,John,Garrison,Binghamton,FR,44,6.866351545
61123,Wyeth,Semo,Binghamton,SO,37,6.889128618
96749,Michael,Skora,Vanderbilt,FR,76,6.757976718
87257,Jack,DesRoches,Vanderbilt,SO,69,6.782346945
80559,Brady,Bliven,Vanderbilt,SO,68,6.784750747
96752,Mitchel,Drees,Vanderbilt,SO,65,6.793100638
80561,Jackson,Scruggs,Vanderbilt,SO,64,6.798736109
47719,Zach,Hodges,Vanderbilt,SR,63,6.800946977
80570,Patrick,Ford,Vanderbilt,SO,61,6.806909561
72810,David,Song,Vanderbilt,JR,60,6.809962236
47717,Philip,Metcalf,Vanderbilt,JR,58,6.819506603
96753,Casey,Bohrer,Vanderbilt,FR,55,6.827805459
72811,Dylan,Ballard,Vanderbilt,JR,50,6.845421715
72806,Brody,Haar,Vanderbilt,SO,49,6.847203134
64480,Max,Blader,Vanderbilt,JR,48,6.853271097
72809,Kaden,Narayani,Vanderbilt,SO,40,6.878793198
96749,Michael,Skora,Vanderbilt,FR,76,6.757976718
87257,Jack,DesRoches,Vanderbilt,SO,69,6.782346945
80559,Brady,Bliven,Vanderbilt,SO,68,6.784750747
96752,Mitchel,Drees,Vanderbilt,SO,65,6.793100638
80561,Jackson,Scruggs,Vanderbilt,SO,64,6.798736109
47719,Zach,Hodges,Vanderbilt,SR,63,6.800946977
80570,Patrick,Ford,Vanderbilt,SO,61,6.806909561
72810,David,Song,Vanderbilt,JR,60,6.809962236
47717,Philip,Metcalf,Vanderbilt,JR,58,6.819506603
96753,Casey,Bohrer,Vanderbilt,FR,55,6.827805459
72811,Dylan,Ballard,Vanderbilt,JR,50,6.845421715
72806,Brody,Haar,Vanderbilt,SO,49,6.847203134
64480,Max,Blader,Vanderbilt,JR,48,6.853271097
72809,Kaden,Narayani,Vanderbilt,SO,40,6.878793198
103327,Dennis,Kipkurui,Jacksonville St.,FR,73,6.76800755
95945,Meshack,Kosgei,Jacksonville St.,FR,69,6.779519217
65109,Jack,Lowe,Jacksonville St.,JR,69,6.782552576
95946,Mark,Roper,Jacksonville St.,FR,67,6.787155799
46057,Rodrigo,Fraga-Odriozola,Jacksonville St.,SR,59,6.816147382
65130,Tanner,Rice,Jacksonville St.,JR,54,6.833174583
46071,Mason,McMahon,Jacksonville St.,SR,52,6.839299274
72604,Steele,Joiner,Jacksonville St.,JR,51,6.841591666
65114,Caden,Meyer,Jacksonville St.,JR,50,6.844224599
95952,Juan,Camacho-Tabuenca,Jacksonville St.,FR,48,6.850409684
95960,Stephen,Billman,Jacksonville St.,FR,47,6.856153892
65125,Kaden,Harris,Jacksonville St.,JR,45,6.861346733
55195,J.R.,Proctor,Jacksonville St.,SR,44,6.864489174
95974,Blake,Graham,Jacksonville St.,FR,43,6.867601913
95964,Drew,Cook,Jacksonville St.,FR,39,6.882829304
46068,Sam,Green,Jacksonville St.,SR,38,6.886879099
46078,Kyle,Boyd,Jacksonville St.,SR,35,6.896429011
95988,Eian,Phillips,Jacksonville St.,FR,18,6.953614416
36089,Josh,Stone,Binghamton,SR,79,6.746417452
61120,Andrew,Rosenblatt,Binghamton,JR,68,6.784448292
94717,Robert,Mayclim,Binghamton,FR,66,6.791409478
61122,Austin,Wefer,Binghamton,JR,62,6.804846141
109163,Nick,Thomas,Binghamton,FR,61,6.809477888
76869,Luke,Miklus,Binghamton,SO,60,6.811706819
94720,Oliver,Jibb,Binghamton,FR,60,6.812787378
94718,Asa,Friedrich,Binghamton,JR,57,6.820559794
76864,Tim,Smith,Binghamton,SO,53,6.834516229
76854,Liam,Cody,Binghamton,SO,50,6.844404496
94722,John,Garrison,Binghamton,FR,44,6.866351545
61123,Wyeth,Semo,Binghamton,SO,37,6.889128618
40479,Damian,Rodriguez,Depaul,SR,73,6.766126701
87436,Mason,Krieg,Depaul,SO,67,6.788512136
46942,Griffin,Lehnhardt,Depaul,SR,66,6.791692127
40480,Joe,Knanishu,Depaul,SR,64,6.796808164
87433,Lucas,Cunningham,Depaul,SR,64,6.79882332
73069,William,Previdi,Depaul,SR,58,6.818733737
108861,Mohamed,Abdullahi,Depaul,FR,54,6.830007358
100555,Dustin,Hudak,Depaul,SR,50,6.844312896
87437,Jesse,Gamboa,Depaul,FR,41,6.87462066
87440,Jason,Gould,Depaul,SO,27,6.921697537
100558,Nick,Kamp,Depaul,FR,25,6.928284461
87441,Jack,Ward,Depaul,FR,15,6.962234094
87443,Owen,Larkins,Depaul,FR,15,6.963919346
78540,Joseph,Stoddard,Eastern Illinois,SO,73,6.766732752
16738,Richie,Jacobo,Eastern Illinois,SR,72,6.771907588
65971,Michael,Atkins,Eastern Illinois,JR,67,6.787072789
78542,Cale,Smith,Eastern Illinois,SO,62,6.806148581
46686,Sam,Nowak,Eastern Illinois,SR,60,6.811107352
46688,Ethan,Black,Eastern Illinois,SR,60,6.812832726
65973,Noah,Schalliol,Eastern Illinois,JR,58,6.817183018
46685,Isai,Morales,Eastern Illinois,SR,56,6.825197475
78543,Sam,Cruz,Eastern Illinois,SO,56,6.825630502
98579,Tyler,Dillon,Eastern Illinois,FR,53,6.836586386
98578,Bradley,Ahrens,Eastern Illinois,JR,52,6.839881309
65979,Aidan,Gonzalez,Eastern Illinois,JR,51,6.843208021
65972,Mason,Stoeger,Eastern Illinois,JR,50,6.844594082
78544,Mario,Torres,Eastern Illinois,SO,49,6.848785444
98580,Justice,Eldridge,Eastern Illinois,FR,45,6.861204453
39524,Jonathan,Kang,Eastern Illinois,JR,45,6.862044067
65981,TJ,Garland,Eastern Illinois,SO,45,6.863262435
56226,Theo,Paxton,Eastern Illinois,SR,43,6.86753395
98582,Tony,Pastore,Eastern Illinois,FR,35,6.894111814
98581,Joey,McGinn,Eastern Illinois,FR,33,6.90335587
78550,Angel,Adaya,Eastern Illinois,FR,23,6.937502647
44728,Owen,Holland,Colgate,SR,71,6.773681521
61124,John,Griffith,Colgate,JR,67,6.78681379
76858,Andrew,McGraw,Colgate,SO,67,6.788503795
61118,Owen,McMorrow,Colgate,JR,67,6.788885218
76867,Liam,Davis,Colgate,SO,63,6.801928183
76862,William,Keiser,Colgate,SO,62,6.805528539
76855,Dakin,Ebmeyer,Colgate,SO,60,6.811931689
76883,Nicholas,Larson,Colgate,SO,57,6.820216355
76876,Samuel,Ash,Colgate,SO,56,6.823727494
94726,Owen,DeMatt,Colgate,SO,55,6.826657994
76877,Asim,Hakim-Florian,Colgate,SO,53,6.836196474
94725,Tyler,Robinson,Colgate,FR,49,6.849518031
76872,Jackson,Vogel,Colgate,SO,48,6.853107153
94721,Roman,Steis,Colgate,FR,47,6.85641709
94724,Thomas,Rivier,Colgate,FR,46,6.859203326
76874,Tyler,Ferlise,Colgate,SO,44,6.866684842
61126,Andrew,Sullivan,Colgate,JR,43,6.868838474
94719,Charles,Klatka,Colgate,FR,43,6.869944107
61127,David,Stephens,Colgate,JR,41,6.875305805
107172,Mason,Telatnik,Colgate,FR,40,6.877197921
44731,Benjamin,Horner,Colgate,SR,39,6.882137425
110243,John,'Jack'-Gabrielle,Colgate,SO,38,6.884967782
94729,Ryan,Wilson,Colgate,FR,37,6.888574414
107177,Liam,Burgess,Colgate,FR,33,6.901810083
94728,Finley,Tobin,Colgate,FR,33,6.901926284
61130,Jehrard,Aguilar,Colgate,SO,32,6.905581718
94730,Joshua,Myers,Colgate,FR,31,6.909253726
61134,Vincent,Ryan,Colgate,JR,29,6.917616277
76884,Finn,Kosich,Colgate,SO,28,6.918466832
61129,Sebastian,Bohn,Colgate,JR,17,6.955034825
61132,Zach,Lightfoot,Colgate,JR,10,6.981520392
87696,Andrew,Bracken,Ohio,SO,71,6.773220681
106409,Franklin,Angelos,Ohio,FR,68,6.785683599
87695,Charles,Slates,Ohio,SO,67,6.788269404
79447,Sam,Beeler,Ohio,JR,63,6.79967564
64883,Rocco,DeVincent,Ohio,JR,63,6.801464813
48473,Jake,Ethridge,Ohio,SR,62,6.80378432
79464,Nick,Kennedy,Ohio,SO,62,6.804700059
90898,Marcus,Runkle,Ohio,SO,62,6.805781458
98187,Michael,Dellasanta,Ohio,FR,60,6.812365212
79454,Ryan,Blohm,Ohio,SO,55,6.828560071
48490,Connor,Wertman,Ohio,SR,51,6.841684662
48479,Seth,Davis,Ohio,SR,48,6.850799427
79479,Jake,Long,Ohio,FR,45,6.862066266
48480,Jack,Myers,Ohio,SR,44,6.864533559
48485,Devin,Nelson,Ohio,JR,44,6.864797358
79498,Alex,Zuckett,Ohio,JR,43,6.868538165
98204,Oscar,Dueno-Alda,Ohio,SO,34,6.900306446
48478,Michael,Lane,Ohio,SR,13,6.969385398
98214,Carter,Giacomelli,Ohio,SO,12,6.974333705
49481,Sam,Shuman,Tennessee-Martin,JR,68,6.785150469
62475,Luke,Johnson,Tennessee-Martin,JR,68,6.785180189
98993,Keagan,Enicks,Tennessee-Martin,FR,66,6.790956508
88635,Angus,Monro,Tennessee-Martin,SO,66,6.792772053
46575,Brady,Millikin,Tennessee-Martin,SR,65,6.79505628
49483,Hudson,Hall,Tennessee-Martin,JR,55,6.827365221
62477,Ethan,Knight,Tennessee-Martin,JR,55,6.827853594
62485,Ben,Ruscoe,Tennessee-Martin,JR,54,6.833195596
84484,Colton,King,Tennessee-Martin,SO,52,6.837803158
98998,David,Stukey,Tennessee-Martin,FR,50,6.843695944
98999,Ethan,Brinkley,Tennessee-Martin,FR,50,6.844719835
72338,Chance,Craig,Tennessee-Martin,SO,45,6.863204021
36503,Colten,Glosser,Tennessee-Martin,SO,44,6.865811253
99008,Tobias,Tanui,Tennessee-Martin,FR,41,6.876031008
84477,Christian,Patterson,Tennessee-Martin,SO,40,6.879665848
49490,Hawken,Foote,Tennessee-Martin,JR,36,6.893176925
99013,Tristen,Bough,Tennessee-Martin,FR,34,6.897792353
99017,Ridge,Bruce,Tennessee-Martin,FR,23,6.935976453
84522,Maluke,Cluver,Tennessee-Martin,SO,8,6.98796984
46941,Trevor,Nolan,Xavier (Ohio),SR,75,6.759385848
46949,Will,Garey,Xavier (Ohio),SR,67,6.788815184
65354,Christopher,Lucas,Xavier (Ohio),JR,65,6.795452318
46950,Drew,Allen,Xavier (Ohio),SR,64,6.796849394
81500,Charlie,Leedke,Xavier (Ohio),FR,63,6.802732095
30622,Neil,Letellier,Xavier (Ohio),SR,61,6.80928893
74134,Aiden,Amshoff,Xavier (Ohio),JR,59,6.815625953
74138,Jackson,Triplett,Xavier (Ohio),JR,58,6.816798211
106497,Harrison,Cunningham,Xavier (Ohio),FR,58,6.818356403
51562,Nick,McCumsey,Xavier (Ohio),SR,58,6.819526014
65352,Eric,Board,Xavier (Ohio),JR,57,6.820775259
81499,Will,Russell,Xavier (Ohio),FR,57,6.821545511
74734,Zach,Avenel,Xavier (Ohio),JR,56,6.82388402
106500,Chris,Kardos,Xavier (Ohio),FR,51,6.841699676
106498,Will,Negley,Xavier (Ohio),FR,48,6.853464081
65360,Alex,Paliga,Xavier (Ohio),SO,47,6.856545517
65355,Brady,Ahern,Xavier (Ohio),JR,42,6.87277238
87402,Graham,Cleveland,Xavier (Ohio),FR,26,6.925368283
2964,Cooper,Schroeder,Kansas State,JR,81,6.74160837
57059,Tommy,Hazen,Kansas State,SR,73,6.76847228
93848,Jackson,Esquibel,Kansas State,FR,67,6.788573909
57061,Alex,Gutierrez,Kansas State,SR,66,6.792868929
93842,Peyton,Willbanks,Kansas State,FR,64,6.797609944
59155,Kyle,Johnston,Kansas State,JR,63,6.799775488
88633,Jacob,Norris,Kansas State,SO,62,6.804511986
93846,Lucas,Holdren,Kansas State,FR,59,6.815655574
37911,Will,Carroll,Kansas State,JR,56,6.823872454
77161,Devin,Chappel,Kansas State,SO,55,6.829216281
57056,Matthew,Hauser,Kansas State,SR,55,6.829420948
93850,Adam,Snoke,Kansas State,SO,53,6.835221951
93856,Silas,Miller,Kansas State,FR,42,6.871275051
93857,Jackson,Steger,Kansas State,FR,42,6.872425999
77166,Ty,Brechler,Kansas State,SO,25,6.927831402
48863,Kevin,Harvey,Lehigh,SR,73,6.768481455
48861,Aidan,Lynch,Lehigh,SR,68,6.784799448
64741,Daniel,Malatesta,Lehigh,JR,65,6.795657511
89047,Ryan,Baker,Lehigh,SO,64,6.799642433
76888,Noah,Zahn,Lehigh,SO,62,6.803105298
76887,Thomas,Smigo,Lehigh,SO,62,6.803785481
76886,Derek,Coceano,Lehigh,SO,58,6.817374048
98223,Will,Mrozinski,Lehigh,FR,55,6.82686516
98219,Charlie,Butler,Lehigh,FR,55,6.829087887
98217,Ben,Connell,Lehigh,FR,54,6.830562212
64738,Adam,Barbato,Lehigh,JR,53,6.835013425
72528,Alex,Heidemann,Lehigh,JR,50,6.845005452
76889,Dylan,Cunningham,Lehigh,SO,50,6.845374941
64744,Max,Leffler,Lehigh,JR,50,6.846698291
98222,Jared,Weiss,Lehigh,FR,48,6.85186695
64747,Connor,Malinger,Lehigh,JR,46,6.857432598
64753,Thomas,Arnold,Lehigh,JR,46,6.858819905
109164,Isaac,Greene,Lehigh,FR,45,6.862829317
98227,Ian,Zalewski,Lehigh,FR,39,6.880766667
64752,Carter,LoPresti,Lehigh,SO,36,6.893395452
48878,Ethan,Hood,Lehigh,SR,33,6.903761111
76885,Aidan,LaTourette,Lehigh,SO,32,6.907012494
75627,Henry,Burd,Lehigh,JR,27,6.924011635
46964,Logan,Pietrzak,Indiana State,JR,74,6.763126302
46958,Cael,Light,Indiana State,SR,69,6.780795396
56219,Layton,Hall,Indiana State,SR,68,6.783048399
46960,Ethan,Breen,Indiana State,JR,67,6.786569154
74129,Emerson,Fayman,Indiana State,SO,67,6.786614044
60136,Jason,Dworak,Indiana State,SR,66,6.79231254
96380,Ryan,Handy,Indiana State,FR,65,6.796118404
78538,Jocqael,Thorpe,Indiana State,JR,64,6.798574934
78539,Ryan,York,Indiana State,SO,64,6.799189547
78541,Tommy,Claxton,Indiana State,SO,61,6.807946164
46962,Ian,Gadberry,Indiana State,SR,61,6.809770585
96372,Will,Kozlowski,Indiana State,FR,59,6.815328469
96373,Jcim,Grant,Indiana State,FR,57,6.82218119
88636,Isaac,Bryant,Indiana State,JR,57,6.822454288
96374,Xander,Fackler,Indiana State,FR,55,6.828890869
78545,Parker,Mimbela,Indiana State,SO,54,6.83007487
96379,Brandon,Mueller,Indiana State,FR,53,6.833712638
65976,Cannen,Wolf,Indiana State,JR,51,6.842937595
78548,Jackson,Ward,Indiana State,FR,42,6.873570951
55003,Brady,Terry,Southern Indiana,SR,73,6.767752577
81443,Alex,Nolan,Southern Indiana,SO,69,6.781425149
88634,Jackson,Collman,Southern Indiana,SO,65,6.793066512
55004,Dylan,Bland,Southern Indiana,RS,65,6.794327124
96376,Isaac,Stanford,Southern Indiana,SO,63,6.801437899
105268,Layden,Wagoner,Southern Indiana,FR,60,6.812920526
81444,Cole,Hess,Southern Indiana,SO,59,6.815399366
81446,Landen,Swiney,Southern Indiana,SO,58,6.817365347
81448,Tyler,Zimmerman,Southern Indiana,SO,56,6.826144527
96375,Andrew,Smith,Southern Indiana,FR,55,6.826719243
108997,Holden,Hough,Southern Indiana,FR,55,6.828838964
105270,Zach,Wells,Southern Indiana,FR,54,6.832524006
72595,Mukal,Verma,Southern Indiana,SO,53,6.833501646
96377,Kyle,Kern,Southern Indiana,FR,53,6.835308252
96378,Griffen,Wheeler,Southern Indiana,FR,51,6.840973581
105269,Eli,Mojonnier,Southern Indiana,SO,51,6.842641195
55006,Joshua,Myers,Southern Indiana,SR,49,6.847708944
72597,Carson,Kleinhelter,Southern Indiana,JR,48,6.851301331
105272,Muhiyadin,Ali,Southern Indiana,FR,46,6.858078921
72599,Ryan,Luitjohan,Southern Indiana,SO,45,6.860518339
105271,Joe,Schwartz,Southern Indiana,FR,44,6.86461536
72601,Joseph,Russler,Southern Indiana,JR,42,6.873194491
105273,Blake,Smith,Southern Indiana,FR,40,6.877702236
81453,Lewis,Kaufmann,Southern Indiana,JR,40,6.879035555
55005,Elliott,Buechlein,Southern Indiana,JR,38,6.884393821
81449,Gavin,Thompson,Southern Indiana,SO,38,6.885668124
74140,Ethan,Hall,Southern Indiana,JR,37,6.888886372
96381,Andrew,Pace,Southern Indiana,FR,35,6.896606845
96382,Gabe,Land,Southern Indiana,FR,20,6.947861595
27066,Luke,Heinemann,Southern Indiana,JR,19,6.950504495
74143,Jackson,Davis,Southern Indiana,SO,12,6.974036929
55007,Corbin,Butts,Southern Indiana,SO,-18,7.07523943
91093,Freddy,Richardson,Lamar,SR,81,6.742051126
96407,Lloyd,Sheppard-Brown,Lamar,JR,70,6.778142986
72590,Jonathan,Rivera,Lamar,JR,61,6.808736195
78218,Riley,Trent,Lamar,SO,58,6.81841115
64517,Hayden,Eubank,Lamar,SO,58,6.81910897
96408,Alexis,Rodriguez,Lamar,FR,57,6.821683569
64521,Geovany,Cisneros,Lamar,RS,57,6.823079703
78215,Adrian,Hahn-Vadstein,Lamar,SO,56,6.826106815
108240,Andres,Padron,Lamar,JR,51,6.840871877
96420,Treyton,Showen,Lamar,JR,45,6.860703543
96413,Brian,Woolums,Lamar,FR,45,6.860944109
64524,Alejandro,Villalva,Lamar,RS,43,6.869460017
64525,Aaron,Saenz,Lamar,JR,42,6.871284505
78231,Raul,Lopez,Lamar,SR,37,6.890404512
78226,Ryan,Servantes,Lamar,SO,34,6.900768604
65382,Harrison,Niswander,Purdue Fort Wayne,JR,72,6.769449832
65379,Austin,Hall,Purdue Fort Wayne,JR,69,6.781603476
60632,Jarred,Neff,Purdue Fort Wayne,JR,64,6.798764994
36420,Nicholas,Mills,Purdue Fort Wayne,SR,63,6.799843364
99383,Sam,Dunnett,Purdue Fort Wayne,FR,61,6.807398196
36413,Nathan,Mills,Purdue Fort Wayne,SR,59,6.813609073
48477,Kobe,Milledge,Purdue Fort Wayne,SR,55,6.829551974
36417,Kehinde,Oladapo,Purdue Fort Wayne,JR,53,6.833777255
99388,Marcus,Ridge,Purdue Fort Wayne,FR,53,6.83594321
65387,Colten,Gasson,Purdue Fort Wayne,JR,53,6.836195869
99389,Boden,Genovese,Purdue Fort Wayne,FR,52,6.837746666
99396,Tyler,Godwin,Purdue Fort Wayne,FR,46,6.858002275
65385,Colin,Gasson,Purdue Fort Wayne,SO,43,6.867629149
82777,Andrew,Arnos,Purdue Fort Wayne,SO,43,6.869705791
82776,Jackson,Marshall,Purdue Fort Wayne,SO,36,6.891127025
25713,Cory,Waldron,Purdue Fort Wayne,SO,33,6.902129663
65384,Seth,Mills,Purdue Fort Wayne,JR,32,6.905263574
65391,Jack,Mills,Purdue Fort Wayne,JR,30,6.911343182
99420,Josh,Roper,Purdue Fort Wayne,FR,22,6.939392867
82781,Noah,Shook,Purdue Fort Wayne,SO,17,6.957667395
99421,Kye,Milledge,Purdue Fort Wayne,FR,10,6.980005495
98988,Brian,Bett,North Alabama,FR,82,6.737246674
103326,Vincent,Chepkwony,North Alabama,FR,72,6.769541631
46056,Adam,Nipper,North Alabama,SR,60,6.809956311
84466,Brent,Lyons,North Alabama,SO,58,6.818689244
46061,Noah,Bonsall,North Alabama,SR,52,6.837892046
99001,Aidan,Shannon,North Alabama,SO,52,6.83908329
67831,Jackson,Hamlin,North Alabama,JR,50,6.845574785
46055,Connor,Jackson,North Alabama,SR,48,6.852883606
84491,Grayson,Hall,North Alabama,SO,44,6.864012396
46072,Mason,Schrader,North Alabama,SR,44,6.864369977
99009,Alex,Kuntz,North Alabama,SO,44,6.865716091
99006,Rogan,Hanson,North Alabama,SO,37,6.89036664
67833,Thomas,Ludwig,North Alabama,JR,24,6.934070734
51792,Edan,Jamieson,North Alabama,SR,13,6.968995145
38702,Patrick,Estes,Ut-Arlington,SR,70,6.778109711
70479,Rogelio,Aguirre,Ut-Arlington,JR,66,6.79091878
70482,Andres,Gurrola,Ut-Arlington,JR,64,6.797208731
70481,Josue,Granados,Ut-Arlington,JR,63,6.802966215
49609,Jackson,Cichon,Ut-Arlington,SR,62,6.803940773
70483,Brian,Guevara,Ut-Arlington,JR,62,6.804022437
81224,Daniel,Alamilla,Ut-Arlington,SO,61,6.806492669
50322,Alex,Kalmar,Ut-Arlington,RS,59,6.81641348
38703,Jacob,Ye,Ut-Arlington,JR,51,6.842098091
70484,Brandon,Wilk,Ut-Arlington,SO,50,6.844866249
81346,Jacob,Freeman,Ut-Arlington,FR,50,6.846049551
109778,Daniel,Armstrong,Ut-Arlington,SO,30,6.913954258
16747,Noah,Little,Se Missouri,SR,72,6.770097193
49485,Nick,Cimmarusti,Se Missouri,JR,70,6.777620292
49482,Garrett,Dumke,Se Missouri,JR,67,6.787768819
81094,Myles,Thornburg,Se Missouri,FR,61,6.809319073
16749,Seth,Gleason,Se Missouri,JR,58,6.818004333
81093,Cade,McCadams,Se Missouri,SO,55,6.82713738
97072,Evan,Fuller,Se Missouri,FR,55,6.828948031
39526,Justin,Splitt,Se Missouri,SR,53,6.835686471
16750,Byron,Sowerby,Se Missouri,JR,50,6.846835159
40483,Clayton,Eftink,Se Missouri,JR,48,6.85040974
81095,Micah,Grawer,Se Missouri,SO,47,6.853767731
97073,Cole,Reinders,Se Missouri,SO,47,6.855150545
73964,Connor,Ayres,Se Missouri,SO,45,6.861723514
97083,Tyler,Anderson,Se Missouri,FR,44,6.86386721
65724,Jacob,Blassingame,Se Missouri,JR,43,6.869394169
81098,Louis,Primeau,Se Missouri,JR,41,6.874186022
97079,Sam,Rinehart,Se Missouri,FR,41,6.874815135
97085,Trey,Mygatt,Se Missouri,FR,33,6.901689358
90903,Thomas,Croshaw,New Mexico St.,SO,79,6.747894304
83707,Andrew,Gibby,New Mexico St.,SO,68,6.785263055
105982,Orion,Chavez,New Mexico St.,FR,63,6.800657632
98614,Leo,Valenzuela,New Mexico St.,FR,60,6.812596207
105983,Angel,Maese,New Mexico St.,FR,55,6.828579455
62194,Nick,Allred,New Mexico St.,JR,54,6.831171133
87188,Derick,Castellanos,New Mexico St.,SO,54,6.832699276
62974,Jonah,Archer,New Mexico St.,JR,53,6.834627475
105984,Gabriel,Uranga,New Mexico St.,FR,49,6.847744528
62192,Collins,Yego,New Mexico St.,SO,49,6.850143847
56640,Christian,Barreto,New Mexico St.,SR,42,6.870985476
57552,Dilan,Sanchez,New Mexico St.,RS,42,6.871323183
87190,Laith,Quteifan,New Mexico St.,FR,37,6.888214758
29008,Nick,Oritz,New Mexico St.,JR,36,6.89085034
57548,Adams,Biwott,New Mexico St.,SR,36,6.891307195
62196,Diego,Logan-Behshad,New Mexico St.,SO,35,6.897273453
87196,Tyler,Goode,New Mexico St.,RS,31,6.909293851
98527,Sacha,Perrier,South Alabama,JR,73,6.766031258
70978,Xavier,Johnson,South Alabama,JR,67,6.787932031
70979,Amos,Pkemoi,South Alabama,JR,66,6.789614339
98528,Carson,Barlow,South Alabama,JR,60,6.810252336
86454,Blayton,Bernard,South Alabama,SO,55,6.828050071
70980,Tyler,Doty,South Alabama,JR,53,6.836255529
86451,Jean-Pierre,Le-Roux,South Alabama,SR,52,6.8388002
104499,Luke,Regan,South Alabama,FR,46,6.858597544
86453,Grant,Casey,South Alabama,FR,45,6.86277168
86455,Bowen,Crews,South Alabama,FR,35,6.895070601
70981,Jake,Thompson,South Alabama,SO,23,6.936569607
81182,Garrett,Hartline,Rhode Island,SO,71,6.772760559
86476,Nick,Martin,Rhode Island,SO,67,6.789205493
100658,Joe,dosReis,Rhode Island,SR,64,6.799159256
55822,Nathan,Masi,Rhode Island,SR,61,6.809714367
73949,Lars,Hogne,Rhode Island,JR,60,6.809938543
81190,Antonio,Capalbo,Rhode Island,SO,57,6.822179868
107695,Jesse,Principe,Rhode Island,FR,56,6.826299325
74735,Tyler,Sheedy,Rhode Island,JR,49,6.848385501
100664,Owen,Fleischer,Rhode Island,FR,49,6.850163714
100665,Jaden,Enis,Rhode Island,RS,28,6.918106038
63435,Ethan,Godsey,Uc Santa Barbara,JR,79,6.746517298
82163,Parker,Simmons,Uc Santa Barbara,SO,70,6.777047244
63441,Nate,Osborn,Uc Santa Barbara,JR,69,6.780552982
52038,Zachary,Parker,Uc Santa Barbara,JR,67,6.788980863
52042,Augustus,Marshall,Uc Santa Barbara,SR,64,6.798762927
56632,Aamir,Rehman,Uc Santa Barbara,JR,62,6.805333129
82168,Manny,Correia,Uc Santa Barbara,SO,61,6.806807476
107120,Parker,Stickney,Uc Santa Barbara,FR,61,6.807550935
52060,Travis,Bryson,Uc Santa Barbara,JR,61,6.809000567
107118,Parker,Herbert,Uc Santa Barbara,FR,60,6.812225388
82169,Hayden,Owen,Uc Santa Barbara,SO,59,6.813816232
82175,Jake,Ratkovich,Uc Santa Barbara,SO,59,6.815508545
52052,Aakersh,Mathur,Uc Santa Barbara,JR,57,6.820831981
63440,Advait,Krishnan,Uc Santa Barbara,RS,56,6.823811928
63056,Matthew,Frey,Uc Santa Barbara,JR,56,6.825967304
82177,Noah,De-la-Rionda,Uc Santa Barbara,SO,55,6.828247629
82172,KC,Barber,Uc Santa Barbara,SO,54,6.830659582
82165,Van,Filek,Uc Santa Barbara,SO,53,6.833523681
110033,Kellen,Kirby,Uc Santa Barbara,FR,49,6.847049434
82173,Luca,Romero,Uc Santa Barbara,SO,49,6.847589531
82181,Ben,Pinkel,Uc Santa Barbara,SO,47,6.853724583
110034,Matthew,Galindo,Uc Santa Barbara,FR,47,6.855396837
63442,Zaki,Blunt,Uc Santa Barbara,JR,43,6.868730879
63443,Dylan,Manning,Uc Santa Barbara,RS,38,6.884859915
98527,Sacha,Perrier,South Alabama,JR,73,6.766031258
70978,Xavier,Johnson,South Alabama,JR,67,6.787932031
70979,Amos,Pkemoi,South Alabama,JR,66,6.789614339
98528,Carson,Barlow,South Alabama,JR,60,6.810252336
86454,Blayton,Bernard,South Alabama,SO,55,6.828050071
70980,Tyler,Doty,South Alabama,JR,53,6.836255529
86451,Jean-Pierre,Le-Roux,South Alabama,SR,52,6.8388002
104499,Luke,Regan,South Alabama,FR,46,6.858597544
86453,Grant,Casey,South Alabama,FR,45,6.86277168
86455,Bowen,Crews,South Alabama,FR,35,6.895070601
70981,Jake,Thompson,South Alabama,SO,23,6.936569607
81182,Garrett,Hartline,Rhode Island,SO,71,6.772760559
86476,Nick,Martin,Rhode Island,SO,67,6.789205493
100658,Joe,dosReis,Rhode Island,SR,64,6.799159256
55822,Nathan,Masi,Rhode Island,SR,61,6.809714367
73949,Lars,Hogne,Rhode Island,JR,60,6.809938543
81190,Antonio,Capalbo,Rhode Island,SO,57,6.822179868
107695,Jesse,Principe,Rhode Island,FR,56,6.826299325
74735,Tyler,Sheedy,Rhode Island,JR,49,6.848385501
100664,Owen,Fleischer,Rhode Island,FR,49,6.850163714
100665,Jaden,Enis,Rhode Island,RS,28,6.918106038
33752,Stuart,Terrill,Richmond,SR,78,6.751573433
72768,Henry,Haase,Richmond,JR,68,6.783007237
94054,Brady,Barber,Richmond,FR,65,6.796071235
72769,William,Marhold,Richmond,JR,64,6.798443763
94057,Alex,Krack,Richmond,SO,62,6.804126236
76512,Eric,Scully,Richmond,SO,61,6.807170191
61619,William,Tune,Richmond,JR,55,6.829025401
91006,Cooper,Groat,Richmond,JR,55,6.829793552
76529,Josh,Gray,Richmond,SO,53,6.833784786
94071,Taylor,Healy,Richmond,SR,51,6.842610411
94069,Patrick,Doherty,Richmond,FR,50,6.844344574
76531,Zachary,Stevens,Richmond,SO,50,6.844835072
94072,John,Vogel,Richmond,SR,50,6.846620178
76525,Jason,Latina,Richmond,JR,49,6.846987325
76526,Jack,Levine,Richmond,SO,49,6.848899397
91656,Carter,Bruns,Richmond,SO,45,6.862122894
61627,Jacob,Ellis,Richmond,SR,41,6.874549913
98448,Nick,Cockerel,Central Michigan,SO,66,6.792284964
66359,Blake,Chipman,Central Michigan,JR,65,6.796169744
98454,Miciah,Smith,Central Michigan,FR,64,6.798196566
66360,Jason,Fredricks,Central Michigan,JR,64,6.798757859
66366,Ethan,Leitner,Central Michigan,JR,63,6.800202305
80421,Aiden,Smith,Central Michigan,SO,62,6.805173871
47584,Carson,White,Central Michigan,SR,61,6.807486214
66367,Clay,Kuiper,Central Michigan,JR,60,6.811980211
98450,Greg,Janesak,Central Michigan,FR,60,6.813050073
66361,Joey,Taverna,Central Michigan,JR,56,6.825446204
98457,Andrew,Floros,Central Michigan,FR,49,6.848856117
66365,Hong,Bing-Tang,Central Michigan,JR,49,6.849994054
47586,Steven,Porter,Central Michigan,SR,36,6.890971376
92791,Mason,Cross,Central Michigan,FR,34,6.898564399
35562,Sam,Duncan,Dayton,SR,72,6.769466507
63850,Owen,Pukys,Dayton,SO,71,6.774359857
35561,Bryce,Conley,Dayton,SR,65,6.793036025
63860,Noah,Clemens,Dayton,JR,63,6.801709924
100832,Andrew,Wilcox,Dayton,FR,62,6.805479925
48469,Connor,Ewert,Dayton,SR,61,6.807721869
48474,Isaac,Burkart,Dayton,SR,61,6.809623302
83179,James,Mroczka,Dayton,SO,59,6.815417208
63866,Jameson,Maynes,Dayton,JR,59,6.81612841
100841,Jacob,Herzog,Dayton,FR,55,6.829147185
83189,Colin,Sams,Dayton,SO,53,6.835564647
100838,Logan,Arnold,Dayton,FR,52,6.83973479
100844,Gerrit,Dam,Dayton,FR,47,6.855563672
63851,Noah,Locke,Dayton,SO,47,6.855992235
83187,Joey,Rempe,Dayton,SO,44,6.866237057
92561,Tyler,Fecher,Dayton,SO,34,6.898949475
35562,Sam,Duncan,Dayton,SR,72,6.769466507
63850,Owen,Pukys,Dayton,SO,71,6.774359857
35561,Bryce,Conley,Dayton,SR,65,6.793036025
63860,Noah,Clemens,Dayton,JR,63,6.801709924
100832,Andrew,Wilcox,Dayton,FR,62,6.805479925
48469,Connor,Ewert,Dayton,SR,61,6.807721869
48474,Isaac,Burkart,Dayton,SR,61,6.809623302
83179,James,Mroczka,Dayton,SO,59,6.815417208
63866,Jameson,Maynes,Dayton,JR,59,6.81612841
100841,Jacob,Herzog,Dayton,FR,55,6.829147185
83189,Colin,Sams,Dayton,SO,53,6.835564647
100838,Logan,Arnold,Dayton,FR,52,6.83973479
100844,Gerrit,Dam,Dayton,FR,47,6.855563672
63851,Noah,Locke,Dayton,SO,47,6.855992235
83187,Joey,Rempe,Dayton,SO,44,6.866237057
92561,Tyler,Fecher,Dayton,SO,34,6.898949475
98448,Nick,Cockerel,Central Michigan,SO,66,6.792284964
66359,Blake,Chipman,Central Michigan,JR,65,6.796169744
98454,Miciah,Smith,Central Michigan,FR,64,6.798196566
66360,Jason,Fredricks,Central Michigan,JR,64,6.798757859
66366,Ethan,Leitner,Central Michigan,JR,63,6.800202305
80421,Aiden,Smith,Central Michigan,SO,62,6.805173871
47584,Carson,White,Central Michigan,SR,61,6.807486214
66367,Clay,Kuiper,Central Michigan,JR,60,6.811980211
98450,Greg,Janesak,Central Michigan,FR,60,6.813050073
66361,Joey,Taverna,Central Michigan,JR,56,6.825446204
98457,Andrew,Floros,Central Michigan,FR,49,6.848856117
66365,Hong,Bing-Tang,Central Michigan,JR,49,6.849994054
47586,Steven,Porter,Central Michigan,SR,36,6.890971376
92791,Mason,Cross,Central Michigan,FR,34,6.898564399
33752,Stuart,Terrill,Richmond,SR,78,6.751573433
72768,Henry,Haase,Richmond,JR,68,6.783007237
94054,Brady,Barber,Richmond,FR,65,6.796071235
72769,William,Marhold,Richmond,JR,64,6.798443763
94057,Alex,Krack,Richmond,SO,62,6.804126236
76512,Eric,Scully,Richmond,SO,61,6.807170191
61619,William,Tune,Richmond,JR,55,6.829025401
91006,Cooper,Groat,Richmond,JR,55,6.829793552
76529,Josh,Gray,Richmond,SO,53,6.833784786
94071,Taylor,Healy,Richmond,SR,51,6.842610411
94069,Patrick,Doherty,Richmond,FR,50,6.844344574
76531,Zachary,Stevens,Richmond,SO,50,6.844835072
94072,John,Vogel,Richmond,SR,50,6.846620178
76525,Jason,Latina,Richmond,JR,49,6.846987325
76526,Jack,Levine,Richmond,SO,49,6.848899397
91656,Carter,Bruns,Richmond,SO,45,6.862122894
61627,Jacob,Ellis,Richmond,SR,41,6.874549913
77364,Noah,Jahnke,Wis.-Green Bay,SO,74,6.765639032
46889,Riley,Siltman,Wis.-Green Bay,SR,69,6.782726332
99080,Cameron,Weiland,Wis.-Green Bay,FR,61,6.807581253
99082,Ethan,Onesti,Wis.-Green Bay,FR,59,6.8138317
99081,Matthew,Schmoll,Wis.-Green Bay,SO,59,6.8141113
99083,Carter,Scholey,Wis.-Green Bay,FR,57,6.822472043
77363,Mason,Gates,Wis.-Green Bay,SO,55,6.829103114
77366,Carson,Maish,Wis.-Green Bay,SO,54,6.83074823
62777,Clay,Taylor,Wis.-Green Bay,JR,53,6.834407868
36421,Matthew,Marcinske,Wis.-Green Bay,SR,48,6.852481471
62820,Austin,Oyen,Wis.-Green Bay,JR,46,6.857014696
92562,Quinn,McDonald,Wis.-Green Bay,JR,36,6.891934187
62783,Colton,Hansen,Wis.-Green Bay,JR,27,6.921214356
55809,Miles,Mullins,Brown,JR,69,6.781820376
55813,Justin,Hickey,Brown,SR,65,6.793116995
81184,Matthew,Doherty,Brown,SO,65,6.795248842
81185,Sebastian,Margetts,Brown,SO,64,6.797219145
73951,John,Farrell,Brown,JR,63,6.802987225
55814,Sam,Colton,Brown,SR,63,6.802999108
81186,John,Ryan,Brown,SO,62,6.80331304
81183,Tommy,Gaffey,Brown,SO,61,6.807069751
100660,Colin,Fisher,Brown,FR,60,6.810563848
73948,Jason,Markopoulos,Brown,JR,59,6.815174814
100659,Luke,Bodden,Brown,FR,58,6.818429421
81181,Matthew,Wing,Brown,SO,53,6.835150154
100662,Brendan,Leahey,Brown,SR,51,6.84291202
100661,Christopher,Jackson,Brown,FR,50,6.843560903
100663,Nicholas,Strayer,Brown,FR,48,6.850795314
55812,Henry,Wood,Brown,SR,43,6.867424715
107645,Kadyn,Kabuga,Brown,JR,38,6.884055732
110228,Jake,Haley,Brown,SO,25,6.927835889
110230,Aaron,Caveney,Brown,SO,17,6.955933221
55809,Miles,Mullins,Brown,JR,69,6.781820376
55813,Justin,Hickey,Brown,SR,65,6.793116995
81184,Matthew,Doherty,Brown,SO,65,6.795248842
81185,Sebastian,Margetts,Brown,SO,64,6.797219145
73951,John,Farrell,Brown,JR,63,6.802987225
55814,Sam,Colton,Brown,SR,63,6.802999108
81186,John,Ryan,Brown,SO,62,6.80331304
81183,Tommy,Gaffey,Brown,SO,61,6.807069751
100660,Colin,Fisher,Brown,FR,60,6.810563848
73948,Jason,Markopoulos,Brown,JR,59,6.815174814
100659,Luke,Bodden,Brown,FR,58,6.818429421
81181,Matthew,Wing,Brown,SO,53,6.835150154
100662,Brendan,Leahey,Brown,SR,51,6.84291202
100661,Christopher,Jackson,Brown,FR,50,6.843560903
100663,Nicholas,Strayer,Brown,FR,48,6.850795314
55812,Henry,Wood,Brown,SR,43,6.867424715
107645,Kadyn,Kabuga,Brown,JR,38,6.884055732
110228,Jake,Haley,Brown,SO,25,6.927835889
110230,Aaron,Caveney,Brown,SO,17,6.955933221
46500,Caleb,Shumaker,Northern Iowa,SR,73,6.767325998
80283,Carson,Owens,Northern Iowa,SO,68,6.785349264
96641,Jackson,Bergman,Northern Iowa,FR,60,6.813083
80279,Chase,Lauman,Northern Iowa,SO,59,6.815407042
80287,Levi,Hill,Northern Iowa,SO,58,6.817095297
46497,Brady,Griebel,Northern Iowa,SR,58,6.818652606
96642,Micah,Rees,Northern Iowa,FR,52,6.836859766
80285,Caleb,Kass,Northern Iowa,SO,48,6.852009685
88174,Colin,Lillie,Northern Iowa,RS,46,6.858632382
80284,Josh,Gormley,Northern Iowa,SO,45,6.862590945
80286,Drew,Dombrosky,Northern Iowa,SO,44,6.865567583
72306,Kon,Dut,Northern Iowa,JR,43,6.867682086
73202,Peyton,Ramsey,New Hampshire,JR,66,6.790603254
74329,John,Murphy,New Hampshire,JR,64,6.797840813
52123,Aidan,Shea,New Hampshire,JR,64,6.799427931
52126,Kevin,Finn,New Hampshire,SR,64,6.799511182
73201,Zachary,Hooper,New Hampshire,JR,63,6.801162633
73199,Samuel,Hilts,New Hampshire,JR,59,6.814868081
73207,Joshua,Lesniak,New Hampshire,JR,56,6.82350604
94254,Porter,Hurteau,New Hampshire,FR,53,6.836710728
94261,Christian,Cerullo,New Hampshire,FR,50,6.84380228
77980,Matthew,Allen,New Hampshire,SO,48,6.850572011
94263,Carson,Eames,New Hampshire,FR,48,6.851170677
109385,Ian,Smith,New Hampshire,FR,47,6.855688149
94270,Julian,Rime,New Hampshire,SO,45,6.86309004
52124,Brayden,Kearns,New Hampshire,SR,43,6.869286766
94266,Carter,Norton,New Hampshire,FR,38,6.886278763
109386,Gavin,Malark,New Hampshire,FR,37,6.887528102
77984,Samuel,York,New Hampshire,FR,29,6.914641403
57021,Yassine,Jakib,New Hampshire,JR,28,6.918589023
60384,Zachary,Plaza,New Hampshire,JR,23,6.936880586
77986,Watson,Chodat,New Hampshire,SO,21,6.941477637
50349,William,Frankenfeld,Long Beach St.,SO,69,6.781384705
72139,Quinn,Garity,Long Beach St.,SR,66,6.790511171
82171,Cameron,Rhone,Long Beach St.,SO,66,6.792869573
96912,Levi,Taylor,Long Beach St.,JR,64,6.799339298
88519,Cristian,Martinez,Long Beach St.,SR,63,6.802848385
67241,Junious,Brown-IV,Long Beach St.,SR,59,6.813658814
67239,Cameron,Gill,Long Beach St.,JR,58,6.81906693
82183,Kyle,Reden,Long Beach St.,SR,57,6.822700507
88522,Brandon,Day,Long Beach St.,SO,48,6.852186905
96918,Ethan,Florez,Long Beach St.,JR,40,6.877607977
50349,William,Frankenfeld,Long Beach St.,SO,69,6.781384705
72139,Quinn,Garity,Long Beach St.,SR,66,6.790511171
82171,Cameron,Rhone,Long Beach St.,SO,66,6.792869573
96912,Levi,Taylor,Long Beach St.,JR,64,6.799339298
88519,Cristian,Martinez,Long Beach St.,SR,63,6.802848385
67241,Junious,Brown-IV,Long Beach St.,SR,59,6.813658814
67239,Cameron,Gill,Long Beach St.,JR,58,6.81906693
82183,Kyle,Reden,Long Beach St.,SR,57,6.822700507
88522,Brandon,Day,Long Beach St.,SO,48,6.852186905
96918,Ethan,Florez,Long Beach St.,JR,40,6.877607977
38701,Spencer,Cardinal,Little Rock,JR,70,6.776933198
38704,Andrew,Payton,Little Rock,SR,70,6.778107891
67248,Zach,McPhee,Little Rock,SR,68,6.785312571
38706,Nick,Newby,Little Rock,SR,62,6.803094898
67256,Josh,Beam,Little Rock,JR,62,6.804173147
93698,Jordan,Smith,Little Rock,JR,61,6.80787981
77611,Shane,Fisher,Little Rock,SO,54,6.830175374
104925,Zac,Rutherford,Little Rock,FR,54,6.831113549
38708,Aaron,Soltmann,Little Rock,SR,51,6.84180803
47249,Joel,Allen,Little Rock,SR,49,6.847483691
47251,Dominic,Ward-McCammon,Little Rock,SR,48,6.850828768
93707,Carson,Burd,Little Rock,FR,46,6.858725063
93709,Eli,Hopkins,Little Rock,FR,44,6.864598455
67255,Justice,Neufeld,Little Rock,SO,37,6.888040093
93711,Owen,Church,Little Rock,FR,21,6.944400013
30595,Anthony,Bentivegna,Wagner,JR,68,6.785874233
74328,Justin,Morris,Wagner,JR,66,6.790800677
98786,Florian,Hinry,Wagner,JR,65,6.79332659
98790,Maxime,Ricci,Wagner,JR,64,6.796985298
107275,Matteo,Saulnier,Wagner,JR,61,6.808009205
44546,Michael,Ryan,Wagner,SR,60,6.812609398
44540,Johnny,Sokoll,Wagner,SR,59,6.813321463
98787,Keegan,Baluja,Wagner,FR,55,6.828199347
30609,Muhammad,Qadri,Wagner,JR,48,6.851700388
30602,Paul,Siconolfi,Wagner,JR,48,6.851726514
74330,Hunter,Longo,Wagner,SO,45,6.860561818
30615,Michael,Brannick,Wagner,JR,41,6.874555228
74298,Matthew,Seta,Wagner,JR,40,6.879943133
30619,Michael,Hubert,Wagner,SR,36,6.891908004
98802,Jackson,Rahn,Wagner,FR,30,6.913980599
92299,Eric,Marquez,Wagner,SO,26,6.924393183
73202,Peyton,Ramsey,New Hampshire,JR,66,6.790603254
74329,John,Murphy,New Hampshire,JR,64,6.797840813
52123,Aidan,Shea,New Hampshire,JR,64,6.799427931
52126,Kevin,Finn,New Hampshire,SR,64,6.799511182
73201,Zachary,Hooper,New Hampshire,JR,63,6.801162633
73199,Samuel,Hilts,New Hampshire,JR,59,6.814868081
73207,Joshua,Lesniak,New Hampshire,JR,56,6.82350604
94254,Porter,Hurteau,New Hampshire,FR,53,6.836710728
94261,Christian,Cerullo,New Hampshire,FR,50,6.84380228
77980,Matthew,Allen,New Hampshire,SO,48,6.850572011
94263,Carson,Eames,New Hampshire,FR,48,6.851170677
109385,Ian,Smith,New Hampshire,FR,47,6.855688149
94270,Julian,Rime,New Hampshire,SO,45,6.86309004
52124,Brayden,Kearns,New Hampshire,SR,43,6.869286766
94266,Carter,Norton,New Hampshire,FR,38,6.886278763
109386,Gavin,Malark,New Hampshire,FR,37,6.887528102
77984,Samuel,York,New Hampshire,FR,29,6.914641403
57021,Yassine,Jakib,New Hampshire,JR,28,6.918589023
60384,Zachary,Plaza,New Hampshire,JR,23,6.936880586
77986,Watson,Chodat,New Hampshire,SO,21,6.941477637
77604,Pete,Johnson,Central Arkansas,SR,70,6.77697126
77605,Jack,Dingman,Central Arkansas,JR,67,6.787072348
77606,Gavin,Frick,Central Arkansas,SR,61,6.807373044
93700,Mason,Bickle,Central Arkansas,JR,59,6.813878079
93699,Trae,Baker,Central Arkansas,FR,59,6.816071194
93701,Tim,Haughton,Central Arkansas,JR,55,6.828352522
77609,Carlos,Hernandez,Central Arkansas,JR,55,6.829308474
93705,Samuel,Morales,Central Arkansas,JR,51,6.840413713
77607,Ky,Bickford,Central Arkansas,RS,50,6.843553262
93708,William,Hill,Central Arkansas,FR,45,6.862054414
67257,Beau,Melancon,Central Arkansas,RS,43,6.870154246
60092,Bresner,Austin,Central Arkansas,SR,40,6.878582483
45510,Johnny,Cordero,Central Arkansas,JR,40,6.879224986
77608,Lucas,Tauch,Central Arkansas,FR,38,6.88609584
45538,Tomas,Thompson,Central Arkansas,JR,17,6.956279201
67259,Hayden,Boyett,Central Arkansas,JR,10,6.979330477
83048,Jackson,Martin,Chattanooga,SO,70,6.77765541
46054,Aaron,Isbell,Chattanooga,SR,67,6.788723776
95450,Ian,Etheridge,Chattanooga,FR,60,6.811740775
95449,Derek,Mitchell,Chattanooga,FR,59,6.814768096
15916,Kaigen,Mulkey,Chattanooga,SR,57,6.822755022
83051,Riley,Hanson,Chattanooga,SO,57,6.822792748
46064,Eammon,O'Bryant,Chattanooga,SR,55,6.829223742
66512,Caleb,Jarrett,Chattanooga,SO,52,6.838891476
66513,Erik,Martinez,Chattanooga,SO,51,6.843253022
83050,Tristan,Gould,Chattanooga,SO,49,6.847191627
37794,Eric,Mitchell,Chattanooga,JR,47,6.855908045
46084,Lane,Hollis,Chattanooga,SR,46,6.859646732
95453,Andrew,Moore,Chattanooga,FR,46,6.86008404
95455,Cash,Coggins,Chattanooga,SO,40,6.879315626
95456,Gavin,Ollis,Chattanooga,FR,33,6.90093982
109880,Wesley,Gibbs,Chattanooga,JR,22,6.939010451
37786,Drew,Zink,Western Carolina,JR,67,6.787036225
91518,Chase,Thurber,Western Carolina,SO,66,6.792134934
89994,Logan,Gullett,Western Carolina,SO,62,6.805724587
78439,Lawson,Mecom,Western Carolina,SO,61,6.808176576
48020,Will,Mitchell,Western Carolina,SR,57,6.820402482
48050,John,Davis,Western Carolina,SR,56,6.82625545
74137,Jonny,Sherwood,Western Carolina,SO,54,6.831622245
48024,Justin,Hayes,Western Carolina,JR,51,6.841919294
74135,Matthew,Martin,Western Carolina,SO,49,6.848097619
96715,Noah,Luke,Western Carolina,FR,49,6.850022275
78436,Matthew,Womack,Western Carolina,SO,48,6.851129424
48052,Nicholas,Kiser,Western Carolina,JR,47,6.854927742
78447,Peter,Schihl,Western Carolina,SO,47,6.855539203
74139,Grant,Parham,Western Carolina,JR,43,6.869810273
78442,Knox,Witherspoon,Western Carolina,JR,40,6.878864511
96726,Calvin,Smith,Western Carolina,FR,38,6.885331306
48053,Henry,Stecher,Western Carolina,SR,29,6.916260121
86039,John,Cooper,Davidson,SO,69,6.779581303
47878,Grahm,Breiter,Davidson,SR,67,6.788099842
47912,Kenny,Eheman,Davidson,SR,64,6.799546357
86041,Liam,Hagerty-Hagerty,Davidson,FR,59,6.816395778
47914,Nathan,Stewart,Davidson,SR,58,6.819765245
101410,Alex,Thole,Davidson,FR,56,6.824425235
101412,Harry,Carter,Davidson,FR,56,6.82496506
61622,Ryan,Harris,Davidson,JR,55,6.827354036
86042,Daniel,Cortese,Davidson,SO,54,6.830266371
105796,Zahariye,Abdulahi,Davidson,SO,53,6.836526089
101413,Eli,Roth,Davidson,FR,52,6.838396751
101414,Jack,Muldoon,Davidson,SR,51,6.843303625
101415,Jack,Flugstad,Davidson,FR,49,6.849035877
101418,Parker,Bartlett,Davidson,FR,47,6.855674022
105792,Ezra,Minard,Davidson,FR,45,6.861955503
47887,Owen,Lekki,Davidson,SR,45,6.8636453
86045,Liam,Maurillo,Davidson,SO,40,6.880358505
83048,Jackson,Martin,Chattanooga,SO,70,6.77765541
46054,Aaron,Isbell,Chattanooga,SR,67,6.788723776
95450,Ian,Etheridge,Chattanooga,FR,60,6.811740775
95449,Derek,Mitchell,Chattanooga,FR,59,6.814768096
15916,Kaigen,Mulkey,Chattanooga,SR,57,6.822755022
83051,Riley,Hanson,Chattanooga,SO,57,6.822792748
46064,Eammon,O'Bryant,Chattanooga,SR,55,6.829223742
66512,Caleb,Jarrett,Chattanooga,SO,52,6.838891476
66513,Erik,Martinez,Chattanooga,SO,51,6.843253022
83050,Tristan,Gould,Chattanooga,SO,49,6.847191627
37794,Eric,Mitchell,Chattanooga,JR,47,6.855908045
46084,Lane,Hollis,Chattanooga,SR,46,6.859646732
95453,Andrew,Moore,Chattanooga,FR,46,6.86008404
95455,Cash,Coggins,Chattanooga,SO,40,6.879315626
95456,Gavin,Ollis,Chattanooga,FR,33,6.90093982
109880,Wesley,Gibbs,Chattanooga,JR,22,6.939010451
84626,Carson,Steckelberg,Montana,SO,71,6.775600827
28141,Nathan,Carter,Montana,JR,67,6.786924389
72049,Cooper,Morris,Montana,JR,66,6.792312707
84628,Henry,Ballinger,Montana,SO,66,6.792586524
66922,Lane,Cole,Montana,JR,62,6.804226471
99157,Lane,Krautschun,Montana,FR,59,6.81324731
84629,Zachary,Giesch,Montana,SO,58,6.818790715
99152,Luke,Mest,Montana,FR,58,6.819105122
99154,Keagan,Crosby,Montana,FR,56,6.825184196
66920,Colin,Shaules,Montana,JR,51,6.8428584
84627,Truman,Thompson,Montana,SO,50,6.844976746
99159,Morgan,Amano,Montana,FR,47,6.854775364
103415,Andruw,Villa,Abilene Christian,FR,77,6.755700969
46691,Kevin,Castruita,Abilene Christian,JR,73,6.766864605
71987,Samuel,Lanham,Abilene Christian,JR,62,6.805686944
103416,Mark,Barajas,Abilene Christian,FR,62,6.806151074
81347,Mikhail,Fortner,Abilene Christian,SO,59,6.81383947
51530,Neal,Helgerson,Abilene Christian,JR,59,6.814737296
23346,O'Brien,Verdin,Abilene Christian,JR,58,6.818993836
81344,Zachary,Martin,Abilene Christian,SO,57,6.821037953
103417,Carlos,Cortez,Abilene Christian,FR,57,6.821939286
71986,Jacob,Russell,Abilene Christian,SO,57,6.823074286
109774,Vincent,Luffey,Abilene Christian,FR,56,6.824113582
109775,Benjamin,Castro,Abilene Christian,FR,49,6.849933402
103419,Austin,Roberts,Abilene Christian,FR,46,6.857538839
107984,Ethan,Rodriguez,Abilene Christian,FR,44,6.866242463
81353,JP,Trook,Abilene Christian,SO,35,6.895892701
47884,Ethan,Long,Unc-Greensboro,SR,66,6.79222774
47883,Colin,Keck,Unc-Greensboro,SR,65,6.794061398
91770,Khalid,Abdullahi,Unc-Greensboro,SO,63,6.800890249
67868,Luke,Ward,Unc-Greensboro,JR,59,6.813492788
67869,Evan,Pena,Unc-Greensboro,JR,57,6.820104484
101696,Logan,Ruffner,Unc-Greensboro,FR,55,6.826944844
101695,Pierson,Guerrant,Unc-Greensboro,FR,54,6.832073769
106344,Tyler,Niloff,Unc-Greensboro,SO,54,6.833345819
72900,Zachary,Taylor,Unc-Greensboro,SO,53,6.833851497
76039,Andrew,Hamilton,Unc-Greensboro,JR,50,6.845403122
72899,Lane,Prochaska,Unc-Greensboro,JR,46,6.858059493
87584,Sam,Barnard,Unc-Greensboro,SO,37,6.887345593
72902,Charlie,Bennett,Unc-Greensboro,SO,36,6.890896038
47885,Mason,Rudel,Unc-Greensboro,JR,34,6.898714534
87587,Judah,Weesner,Unc-Greensboro,SO,33,6.90151459
87586,Logan,Thanos,Unc-Greensboro,SO,28,6.918614561
106349,James,Harrelson,Unc-Greensboro,SO,23,6.934604929
47896,Spencer,Connick,Unc-Greensboro,SR,20,6.946204412
91773,Glodi,Mvovi,Unc-Greensboro,SO,7,6.991462345
106351,JT,Brownlee,Unc-Greensboro,SO,-2,7.019143397
44646,Steve,Zucca,Fordham,JR,73,6.766647113
58478,Nathan,Bezuneh,Fordham,JR,65,6.794250599
44651,Rodolfo,Sanchez,Fordham,JR,63,6.800744745
86647,Sean,Reidy,Fordham,SO,63,6.802057344
98783,Bradford,Duchesne,Fordham,FR,62,6.804779423
86649,Jack,Boerger,Fordham,SO,59,6.816492194
72183,Darren,Croke,Fordham,JR,55,6.827681044
86648,John,Corrigan,Fordham,SO,55,6.829685467
72182,Nicolas,Grabarz,Fordham,JR,54,6.830543479
86651,Tadael,Mihret,Fordham,SO,54,6.831643681
86650,Matthew,McCabe,Fordham,SO,52,6.839463516
68774,Ben,Borchers,Fordham,SO,48,6.851775908
68775,Matthew,Febles,Fordham,SO,47,6.854272716
98796,Aidan,Hickey,Fordham,SR,46,6.858065462
109128,Lucas,Rohde,Fordham,FR,46,6.858781267
86653,Jake,Frayler,Fordham,SO,41,6.876624472
102407,Matthew,McDevitt,Fordham,FR,40,6.878416589
102405,Anan,Bauman,Fordham,FR,39,6.881000854
68777,Anderson,Baker,Fordham,JR,30,6.91139853
68776,Trevor,Rinn,Fordham,JR,26,6.924410911
103415,Andruw,Villa,Abilene Christian,FR,77,6.755700969
46691,Kevin,Castruita,Abilene Christian,JR,73,6.766864605
71987,Samuel,Lanham,Abilene Christian,JR,62,6.805686944
103416,Mark,Barajas,Abilene Christian,FR,62,6.806151074
81347,Mikhail,Fortner,Abilene Christian,SO,59,6.81383947
51530,Neal,Helgerson,Abilene Christian,JR,59,6.814737296
23346,O'Brien,Verdin,Abilene Christian,JR,58,6.818993836
81344,Zachary,Martin,Abilene Christian,SO,57,6.821037953
103417,Carlos,Cortez,Abilene Christian,FR,57,6.821939286
71986,Jacob,Russell,Abilene Christian,SO,57,6.823074286
109774,Vincent,Luffey,Abilene Christian,FR,56,6.824113582
109775,Benjamin,Castro,Abilene Christian,FR,49,6.849933402
103419,Austin,Roberts,Abilene Christian,FR,46,6.857538839
107984,Ethan,Rodriguez,Abilene Christian,FR,44,6.866242463
81353,JP,Trook,Abilene Christian,SO,35,6.895892701
72477,Buck,Ledford,Mercer,JR,67,6.789498101
72478,Yianni,Pothoulakis,Mercer,JR,65,6.794657909
48018,Jonathan,Greene,Mercer,SR,63,6.801595455
72475,Jacob,Peters,Mercer,JR,62,6.805357601
37783,Reece,Cato,Mercer,SR,59,6.814066891
72476,Zack,Burke,Mercer,JR,57,6.821268219
96711,Colby,Bornstein,Mercer,FR,57,6.821452032
48054,Chinmay,Dongari,Mercer,SR,52,6.83714189
96714,Chris,Connolly,Mercer,FR,51,6.841969396
72479,Peyton,Millwood,Mercer,JR,49,6.849153352
80674,Nick,Frye,Mercer,SO,49,6.849162159
96713,Will,Herlihy,Mercer,FR,45,6.861295048
48059,Will,Nash,Mercer,SR,42,6.871524156
48048,Sebasthian,Rodriguez,Mercer,SR,41,6.875641206
96724,Hagan,Russell,Mercer,FR,38,6.886639336
80692,River,Livingston,Mercer,SO,34,6.900412674
50452,Cormac,O'Brien,Miami (Fla.),SR,70,6.777751661
50449,Austen,Cannon,Miami (Fla.),SR,67,6.788521793
63563,Enrique,Borrego,Miami (Fla.),JR,63,6.802472687
56062,Josh,Jones,Miami (Fla.),SR,62,6.805067246
109125,Luke,Suliman,Miami (Fla.),FR,59,6.815812721
97585,Reid,Latimer,Miami (Fla.),FR,52,6.84009514
79054,Michael,Castillo,Miami (Fla.),SO,51,6.840218256
63571,Nico,Valentine,Miami (Fla.),JR,51,6.843270706
79059,Alec,Torricella,Miami (Fla.),SO,50,6.845711858
109126,Owen,Hirt,Miami (Fla.),FR,45,6.860452641
79056,Trey,Stager,Miami (Fla.),FR,45,6.862132893
97582,Prescott,Noll,Miami (Fla.),FR,43,6.867355486
109127,Kevin,Loftus,Miami (Fla.),JR,41,6.876524261
79055,Matthew,Thomas,Miami (Fla.),SO,40,6.880150645
97596,Evan,Shields,Miami (Fla.),FR,31,6.909702267
78898,Gordon,Nilsen,Pepperdine,SO,68,6.786005395
63059,Patrick,Thomas,Pepperdine,JR,64,6.797645352
72061,Joshua,Bergers,Pepperdine,SO,64,6.797832031
78897,Dominic,Silhol,Pepperdine,SO,62,6.805281229
96913,Elijah,Gentry,Pepperdine,FR,61,6.806994038
96914,Rowan,Nilsen,Pepperdine,FR,53,6.834312121
63077,Kai,Newman,Pepperdine,SO,53,6.835627219
42736,Elias,Spence,Pepperdine,SR,51,6.841570582
63086,Spencer,Mueller,Pepperdine,JR,51,6.84329327
85641,Kaleb,McElfish,Pepperdine,SO,47,6.85664428
96916,Colin,Knowles,Pepperdine,FR,44,6.865063002
56633,Colin,Proctor,Pepperdine,SR,33,6.902765072
78905,Henry,Hicks,Pepperdine,SO,32,6.907202601
63100,Daniel,Whitaker,Pepperdine,JR,26,6.926014878
110168,Alex,Nield,Pepperdine,FR,22,6.93963646
96315,Henok,Hagos,Texas State,FR,64,6.796389038
60267,Koket,Jimata,Texas State,SR,64,6.79808523
84203,Nathaniel,Morales,Texas State,SO,60,6.812217254
96313,Anthony,Parra,Texas State,JR,60,6.812746797
84217,Jack,Deelman,Texas State,SO,59,6.814567084
84205,Anthony,Sandavol,Texas State,SO,59,6.815240348
84207,Maximus,Palacios,Texas State,FR,54,6.832658216
64126,Ismael,Hernandez,Texas State,SO,49,6.847695443
84215,Elias,Palmer,Texas State,JR,48,6.850744058
64120,Franco,Melhado,Texas State,JR,47,6.855938669
96319,David,Herring,Texas State,FR,46,6.858614729
96318,Eyan,Calico,Texas State,FR,45,6.86247069
104696,Carlos,Barrera,Texas State,JR,38,6.886379188
64115,Justin,Wagner,Texas State,JR,37,6.889540753
110521,Julian,Dominguez,Texas State,FR,37,6.890006156
84222,Nathaniel,Aguilar,Texas State,SO,26,6.925546413
45220,Emil,Arangala,Lafayette,SR,66,6.790151346
45222,Alfred,Sanford-II,Lafayette,SR,63,6.8007879
63740,Justin,Brown,Lafayette,JR,63,6.802252343
63728,Titan,Casey,Lafayette,JR,57,6.822505121
76880,Cole,Chukoskie,Lafayette,JR,57,6.822877703
100594,David,Whitford,Lafayette,FR,48,6.852207233
63735,Quinn,Worrell,Lafayette,JR,44,6.864685186
63739,Cameron,Kratz,Lafayette,SO,42,6.870881912
63738,Francis,Dougherty,Lafayette,JR,39,6.880696559
100595,Cole,Scattergood,Lafayette,FR,35,6.897387647
100596,Colin,Strachman,Lafayette,FR,34,6.89773596
96315,Henok,Hagos,Texas State,FR,64,6.796389038
60267,Koket,Jimata,Texas State,SR,64,6.79808523
84203,Nathaniel,Morales,Texas State,SO,60,6.812217254
96313,Anthony,Parra,Texas State,JR,60,6.812746797
84217,Jack,Deelman,Texas State,SO,59,6.814567084
84205,Anthony,Sandavol,Texas State,SO,59,6.815240348
84207,Maximus,Palacios,Texas State,FR,54,6.832658216
64126,Ismael,Hernandez,Texas State,SO,49,6.847695443
84215,Elias,Palmer,Texas State,JR,48,6.850744058
64120,Franco,Melhado,Texas State,JR,47,6.855938669
96319,David,Herring,Texas State,FR,46,6.858614729
96318,Eyan,Calico,Texas State,FR,45,6.86247069
104696,Carlos,Barrera,Texas State,JR,38,6.886379188
64115,Justin,Wagner,Texas State,JR,37,6.889540753
110521,Julian,Dominguez,Texas State,FR,37,6.890006156
84222,Nathaniel,Aguilar,Texas State,SO,26,6.925546413
45033,Baidy,Ba,Kent State,SR,83,6.733230507
6733,Ethan,Yost,Kent State,SR,66,6.792663179
64899,Dylan,McBride,Kent State,SO,57,6.82112032
79450,Jackson,Albanese,Kent State,SO,54,6.831901537
79484,Rylan,Winkler,Kent State,SO,53,6.834994223
98194,Jack,Curtis,Kent State,SO,52,6.838257876
45041,Jonah,Cuestas,Kent State,SR,50,6.846624902
6735,Jacob,Mirabell,Kent State,SR,49,6.848025996
79462,Caleb,Bost,Kent State,FR,49,6.849718977
79461,Nicholas,Huger,Kent State,SO,47,6.854031526
79516,Isaac,Perez,Kent State,SO,45,6.860843613
64893,Andrew,Biggs,Kent State,SO,42,6.873303535
45056,Michael,Arner,Kent State,SR,38,6.884860706
64889,Evan,Alten,Kent State,SO,30,6.912918498
45542,John,Speer,Tamu-Commerce,SR,69,6.782279856
98994,Josh,Shanahan,Tamu-Commerce,FR,62,6.804336329
45552,Casey,Novelo,Tamu-Commerce,SR,61,6.807168514
78396,Jeremiah,Garcia,Tamu-Commerce,SO,59,6.814810925
45560,Nicholas,Deutsch,Tamu-Commerce,SR,55,6.827879218
99010,Noah,Fernandez,Tamu-Commerce,FR,45,6.862825517
54617,Jan,Lenfert,Tamu-Commerce,SO,45,6.863337204
61378,Yosef,Abdulrazeq,Tamu-Commerce,JR,45,6.863678255
45554,Christopher,Flores,Tamu-Commerce,JR,43,6.867106837
108458,Abdisa,Ali,Tamu-Commerce,FR,43,6.867828205
54623,Colten,Van-Voorhis,Tamu-Commerce,RS,43,6.869162861
21739,Joshua,Schutter,Tamu-Commerce,JR,41,6.874826579
99002,Taylor,Warrick,Tamu-Commerce,FR,39,6.88310198
70894,Tristen,Sabin,Tamu-Commerce,JR,36,6.893318313
99012,Abel,Solorio---Rodriguez,Tamu-Commerce,FR,35,6.896368491
32718,Joe,Cruz,Tamu-Commerce,SR,31,6.909809221
70903,Connor,Rohman,Tamu-Commerce,SO,25,6.928033852
45553,Chris,Navarrete,Tamu-Commerce,JR,25,6.929374361
70910,Lance,Davis,Tamu-Commerce,SO,24,6.931402169
78415,Kai,Johnson,Tamu-Commerce,RS,7,6.991776673
45220,Emil,Arangala,Lafayette,SR,66,6.790151346
45222,Alfred,Sanford-II,Lafayette,SR,63,6.8007879
63740,Justin,Brown,Lafayette,JR,63,6.802252343
63728,Titan,Casey,Lafayette,JR,57,6.822505121
76880,Cole,Chukoskie,Lafayette,JR,57,6.822877703
100594,David,Whitford,Lafayette,FR,48,6.852207233
63735,Quinn,Worrell,Lafayette,JR,44,6.864685186
63739,Cameron,Kratz,Lafayette,SO,42,6.870881912
63738,Francis,Dougherty,Lafayette,JR,39,6.880696559
100595,Cole,Scattergood,Lafayette,FR,35,6.897387647
100596,Colin,Strachman,Lafayette,FR,34,6.89773596
107110,Lemerian,(Gidion)-Lemashon,Arizona State,FR,75,6.761955007
72140,Johnathan,Estrada,Arizona State,JR,69,6.781266948
72148,Tyler,Schierenberg,Arizona State,SO,59,6.814396117
83708,Kristian,Kimberlin,Arizona State,SO,59,6.81518708
109777,Dennis,Rono,Arizona State,FR,58,6.81710563
98879,Zach,Albanese,Arizona State,FR,57,6.82108966
72143,Rowdy,Menefee,Arizona State,JR,56,6.826393073
56630,Joseph,(Porter)-Hill,Arizona State,JR,55,6.828667669
98885,Ryan,Denhof,Arizona State,FR,52,6.839357064
72147,Keene,Sample,Arizona State,JR,50,6.843583857
83713,Ethan,Bukowski,Arizona State,FR,46,6.858740898
83715,Zach,Weaver,Arizona State,SO,41,6.876795507
90906,Asher,Leslie,Arizona State,JR,30,6.912783855
40549,Joseph,Skoog,Grand Canyon,SO,80,6.743858675
40551,Cannon,Angotti,Grand Canyon,SO,74,6.762706604
107114,Ethan,Smith,Grand Canyon,SO,64,6.798556528
88510,Devin,Provence,Grand Canyon,JR,63,6.80018146
83712,Emmanuel,Corral,Grand Canyon,SR,61,6.807838659
98877,Greyson,Akers,Grand Canyon,FR,61,6.808473979
42513,Jacob,Pringle,Grand Canyon,JR,60,6.811981399
62975,Alex,Rafferty,Grand Canyon,JR,59,6.814013624
62973,Mac,Eliason,Grand Canyon,JR,58,6.817453405
98880,Spencer,Desmond,Grand Canyon,SO,55,6.829292101
98882,Alex,Saldamando,Grand Canyon,FR,53,6.834398242
98883,Matthew,Hamilton,Grand Canyon,FR,51,6.842586116
83709,Tristen,Coyle,Grand Canyon,SO,50,6.845147804
83711,Lance,Harris,Grand Canyon,FR,48,6.850692655
98884,Jack,Sindt,Grand Canyon,FR,46,6.857670401
98886,Ryan,Stamper,Grand Canyon,FR,43,6.868629337
62976,Holden,Tutich,Grand Canyon,SO,36,6.891716248
30001,Vincent,Chenier,Memphis,SR,68,6.785884331
98995,Kenny,Guy,Memphis,SO,65,6.794197242
84460,Robert,Randall,Memphis,SO,63,6.800264012
29997,Liam,Walsh,Memphis,JR,59,6.814999308
45486,Robert,Arnold,Memphis,SO,56,6.825672602
84464,Sammy,Mohamed,Memphis,FR,55,6.827927101
84470,Alex,Bobak,Memphis,SO,51,6.841379722
87051,Declan,Byrne,Memphis,FR,50,6.844227283
99000,Benjamin,Huey,Memphis,JR,47,6.855948083
84474,Logan,Weis,Memphis,SO,47,6.856904775
84490,Ethan,Iiams,Memphis,SO,42,6.87346122
84497,Brayden,Murray,Memphis,FR,29,6.916326088
75376,Alex,Sawyer,East Carolina,SR,71,6.776028249
72893,Henry,Lyon,East Carolina,JR,64,6.797249429
29994,Colin,McCauley,East Carolina,JR,59,6.813891194
106341,Judah,Lacroix,East Carolina,FR,57,6.822010294
108839,Ryan,Tarapchak,East Carolina,JR,56,6.825048382
72896,Nick,Willer,East Carolina,JR,55,6.826747253
64993,Elliott,Kleckner,East Carolina,JR,54,6.831630239
91356,Ashton,Tolson,East Carolina,SO,52,6.838828763
65007,Cooper,Kleckner,East Carolina,JR,52,6.839110744
47881,Conner,O'Shea,East Carolina,JR,52,6.839519569
72895,Zach,Willer,East Carolina,JR,50,6.845717763
82336,Sam,Dewar,East Carolina,SO,39,6.880809499
29998,Ethan,Corrigan,East Carolina,JR,30,6.911903067
82326,Evan,Taylor,Elon,JR,68,6.785483545
64996,Caden,Strickland,Elon,JR,62,6.805713839
64994,Nathan,Mars,Elon,JR,60,6.810877318
101411,Jack,Kane,Elon,FR,59,6.81421758
82330,Joe,Lavelle,Elon,SO,55,6.829845579
82335,Logan,Harding,Elon,FR,53,6.833429754
101416,Joshua,Driscoll,Elon,FR,51,6.840336302
64995,Colby,Robbins,Elon,JR,49,6.84755137
47882,Daniel,King,Elon,SR,48,6.851323091
90962,Spencer,Hampton,Elon,FR,48,6.852906411
82339,Bryan,Hampson,Elon,SO,46,6.859804152
64997,Braden,Anthes,Elon,JR,46,6.859850228
101419,Ian,Johnson,Elon,FR,45,6.861237236
101422,Tyler,Mastrangelo,Elon,FR,39,6.882894732
75377,George,Linney,Elon,SO,37,6.888574544
65002,Michael,Koenig,Elon,JR,35,6.895710814
108841,Seth,Steiner,Elon,SO,34,6.898812531
65012,Garrison,Gilbert,Elon,SO,19,6.948396918
65014,Ramy,Ghandour,Elon,JR,-10,7.048453133
81188,Joseph,Mahon,Holy Cross,SO,67,6.788371416
55394,William,Schimitsch,Holy Cross,SR,64,6.799335802
93629,Joseph,Ryan,Holy Cross,FR,63,6.802248143
64255,Liam,Lyons,Holy Cross,JR,63,6.802925495
107642,Lewis,O'Connor,Holy Cross,FR,47,6.853823274
81192,Quinn,Salmon,Holy Cross,SO,46,6.857773273
93638,Robert,Foster,Holy Cross,FR,46,6.859807572
93641,John,(Jack)-Larkin,Holy Cross,FR,43,6.870287612
55833,Michael,Cahill,Holy Cross,SR,42,6.870467202
55832,Henry,Oswald,Holy Cross,JR,42,6.871414544
56887,Samuel,Baker,Holy Cross,SR,36,6.893521468
81195,Jack,Noble,Holy Cross,JR,19,6.949953314
65485,Carter,Eckhoff,Milwaukee,JR,65,6.795537269
78618,Cullen,Boyle,Milwaukee,SO,64,6.797045861
65488,Sam,Schreiber,Milwaukee,JR,63,6.80135124
99086,Will,Whiteis,Milwaukee,FR,56,6.825814672
78620,Lucas,Picco,Milwaukee,SO,55,6.827849359
99084,Nathan,Powley,Milwaukee,FR,52,6.837921315
78619,Aidan,Sosnowski,Milwaukee,SO,52,6.838882028
49909,Nate,Griepentrog,Milwaukee,SR,51,6.843101357
74825,Trey,Meier,Milwaukee,SR,47,6.853643027
78622,Harper,Fahey,Milwaukee,SO,45,6.863140191
99091,Zach,Moss,Milwaukee,FR,44,6.866603775
49905,Gavin,Czarnecki,Milwaukee,SR,41,6.874244021
99094,Talon,Gamez,Milwaukee,SO,41,6.874819573
99093,Dylan,Longworth,Milwaukee,SO,39,6.882549816
99096,Sam,Blascyk,Milwaukee,FR,36,6.892327941
99099,Karsten,Grundahl,Milwaukee,FR,31,6.910272364
99104,Will,Perez,Milwaukee,SO,23,6.936050795
65489,Wade,Duffek,Milwaukee,JR,19,6.950657165
54657,Peyton,Chiasson,Louisiana,SR,68,6.784676746
104439,Joseph,Patterson,Louisiana,JR,61,6.809081588
54651,Louden,Boudreaux,Louisiana,JR,58,6.816589527
54668,Reece,Shelby,Louisiana,JR,58,6.817591318
63969,John,Walker-McDonald,Louisiana,JR,56,6.82617134
63973,Mason,Haley,Louisiana,JR,54,6.830952197
63977,Nathan,Fontan,Louisiana,JR,54,6.831343171
96414,Matthew,Maynard,Louisiana,FR,51,6.84237021
78221,Owen,Tauzin,Louisiana,SO,50,6.84513546
96412,Joshua,Quintana,Louisiana,FR,48,6.852341444
96417,Benjamin,Lewis,Louisiana,FR,46,6.860253087
78223,Andrew,Leck,Louisiana,JR,41,6.87427816
78224,Peyton,Bourgeois,Louisiana,SO,40,6.878831004
96419,Justin,Descant,Louisiana,FR,29,6.917593949
78230,Brandon,Beavers,Louisiana,SO,23,6.937031501
96421,Nicolas,Navarro,Louisiana,FR,20,6.946045628
81445,Samuel,Lea,Evansville,SO,67,6.788997496
81447,Rafael,Rodriguez,Evansville,SO,67,6.789524777
46965,Adam,Oulgout,Evansville,SR,57,6.820576388
81451,Tommaso,Losma,Evansville,SO,57,6.822254073
81452,Woody,Burrell,Evansville,SO,54,6.830072361
88638,Cedrik,Flipo,Evansville,SO,52,6.837421014
88637,Alvaro,Monfort,Evansville,FR,40,6.878991322
98584,Andrew,Potter,Evansville,FR,39,6.882897283
98585,Kadin,McAllister,Evansville,FR,37,6.887398498
81450,Owen,Cuplin,Evansville,SO,34,6.898183821
98591,Oliver,Wilgocki,Evansville,FR,27,6.922284444
88639,Jakub,Nowicki,Evansville,SO,26,6.925301784
71694,Joey,Taylor,Evansville,SO,25,6.930310314
98590,Vincent,Filipek,Evansville,FR,15,6.963226259
109788,Alejandro,Navarrete,Evansville,SO,-20,7.079746148
80022,Dylan,Brilliant,Stonehill,SO,66,6.791125429
85925,Brayton,Gazerro,Stonehill,FR,61,6.808306969
80025,Ryan,Pereira,Stonehill,SO,61,6.808583548
53633,Patrick,Garrett,Stonehill,SR,60,6.810696197
53607,Jace,Hollenbach,Stonehill,SR,57,6.822393371
85923,Brendan,Wilder,Stonehill,SO,56,6.823790717
93633,Ethan,Fadden,Stonehill,FR,55,6.827993127
109384,Kyle,Kwiatek,Stonehill,FR,55,6.828942052
80021,Nicholas,Davies,Stonehill,SO,53,6.835009011
93634,Jacob,Tobin,Stonehill,FR,52,6.837590439
69479,Nicholas,Cozzolino,Stonehill,SO,51,6.840948069
80020,Ian,Bubar,Stonehill,SO,48,6.850329454
93632,Shane,Stanghellini,Stonehill,FR,47,6.856225405
93635,Aiden,Ruiz,Stonehill,FR,46,6.860233372
101941,Jaxson,Merrill,Stonehill,FR,43,6.868097953
92153,Colin,Keane,Stonehill,SO,43,6.869751776
80029,Matthew,Malora,Stonehill,SO,42,6.871774221
93640,Nicholas,Bianchi,Stonehill,FR,41,6.875015079
107277,William,O'Shea,Stonehill,FR,28,6.919383704
104484,Karim,Belmahdi,South Florida,SR,63,6.801093689
95893,Aiden,Maue,South Florida,FR,62,6.804025276
63565,Tyler,Wadsworth,South Florida,SO,62,6.806264991
84125,Jack,Dravo,South Florida,SO,61,6.807671906
84126,Thomas,Ashley,South Florida,SO,59,6.815074542
84133,Sean,Perry,South Florida,SO,57,6.823125588
95896,John,Keester,South Florida,FR,56,6.824590391
43280,Sebastian,Edwards,South Florida,SR,54,6.832740032
95898,Jayven,Garcia,South Florida,JR,53,6.833952313
104491,Clayton,Knight,South Florida,FR,53,6.834627419
63573,Cason,Meyer,South Florida,SO,44,6.864569603
95903,Andrew,Marello,South Florida,FR,43,6.867396255
63574,Jesse,Benavides,South Florida,SO,43,6.869906887
95900,Nicholas,Zamora,South Florida,FR,40,6.878390329
80022,Dylan,Brilliant,Stonehill,SO,66,6.791125429
85925,Brayton,Gazerro,Stonehill,FR,61,6.808306969
80025,Ryan,Pereira,Stonehill,SO,61,6.808583548
53633,Patrick,Garrett,Stonehill,SR,60,6.810696197
53607,Jace,Hollenbach,Stonehill,SR,57,6.822393371
85923,Brendan,Wilder,Stonehill,SO,56,6.823790717
93633,Ethan,Fadden,Stonehill,FR,55,6.827993127
109384,Kyle,Kwiatek,Stonehill,FR,55,6.828942052
80021,Nicholas,Davies,Stonehill,SO,53,6.835009011
93634,Jacob,Tobin,Stonehill,FR,52,6.837590439
69479,Nicholas,Cozzolino,Stonehill,SO,51,6.840948069
80020,Ian,Bubar,Stonehill,SO,48,6.850329454
93632,Shane,Stanghellini,Stonehill,FR,47,6.856225405
93635,Aiden,Ruiz,Stonehill,FR,46,6.860233372
101941,Jaxson,Merrill,Stonehill,FR,43,6.868097953
92153,Colin,Keane,Stonehill,SO,43,6.869751776
80029,Matthew,Malora,Stonehill,SO,42,6.871774221
93640,Nicholas,Bianchi,Stonehill,FR,41,6.875015079
107277,William,O'Shea,Stonehill,FR,28,6.919383704
55816,Billy,Coakley,Merrimack,SR,67,6.789089156
69442,Finnian,Russell,Merrimack,SO,63,6.801212165
55811,Ryan,Dyer,Merrimack,SR,61,6.808121528
69440,Albert,Ferreras,Merrimack,SO,60,6.811472267
85915,Aidan,Dupill,Merrimack,SO,58,6.819450571
101939,Reidar,Aageson,Merrimack,FR,57,6.820244478
101937,Sean,Moore,Merrimack,FR,56,6.823327476
55821,Jack,Lombardi,Merrimack,SR,54,6.832694361
69439,Michael,Alleva,Merrimack,JR,53,6.83377799
69441,Trey,Gonzalez,Merrimack,SR,51,6.84237201
101946,Riley,McGoldrick,Merrimack,FR,47,6.854886615
69450,DJ,Walsh,Merrimack,JR,46,6.857760987
101942,Ben,Smith,Merrimack,FR,45,6.860547215
69443,Luke,Llewellyn,Merrimack,JR,44,6.865041742
85934,Owen,Schultz,Merrimack,SO,38,6.884004024
101945,Will,Shahbazian,Merrimack,FR,38,6.885004773
69465,Chris,Moriarty,Merrimack,JR,28,6.9189647
69461,Nolan,Dickinson,Merrimack,JR,24,6.931930683
89342,Andrew,Worden,Merrimack,SO,21,6.94125175
69471,Colin,Moody,Merrimack,JR,-2,7.01959812
35566,Alex,McCarty,Wright State,RS,75,6.761203805
83174,Noah,Sharp,Wright State,SO,70,6.77911322
100834,Evan,McPherson,Wright State,FR,61,6.807570781
72388,Preston,Jackson,Wright State,JR,60,6.811023925
100833,Blake,Rodgers,Wright State,FR,60,6.812000959
63858,Patrick,Statzer,Wright State,JR,59,6.81377791
54321,Ethan,Neblock,Wright State,SR,57,6.820398444
100835,Andrew,Bugner,Wright State,FR,56,6.825286551
90555,Kalib,Tolle,Wright State,FR,53,6.836449688
100839,Michael,Gale,Wright State,FR,49,6.848145098
35567,Tayton,Hess,Wright State,JR,48,6.850428444
83192,Ben,Schrumpf,Wright State,FR,48,6.851778325
100846,Jacob,Craig,Wright State,FR,48,6.851829574
77610,Reece,Page,Wright State,FR,48,6.853152236
106501,Ian,Ricker,Wright State,FR,47,6.854289042
100849,Matthew,Lee,Wright State,FR,44,6.864114544
83185,Bryce,Page,Wright State,SO,43,6.869020082
48484,Alan,Fullenkamp,Wright State,JR,41,6.876388067
54320,Nathan,Sheriff,Wright State,SR,36,6.891251428
100853,Logan,Eggert,Wright State,FR,34,6.900023598
100842,Curtis,Fowler,Wright State,FR,33,6.902396812
87401,Nathan,Picklesimer,Wright State,FR,32,6.906340512
35570,Ryan,Cooper,Wright State,JR,31,6.910074179
35572,John,Steimle,Wright State,JR,25,6.929076808
63869,Michael,Cole,Wright State,JR,24,6.932330061
87406,David,Steimle,Wright State,FR,16,6.960828378
19805,Nathan,Childs,Wright State,JR,11,6.978087572
83213,Gavin,Hutchinson,Wright State,SO,1,7.011871538
100866,Alex,Combs,Wright State,FR,-4,7.025966171
83281,Caden,Sloan,Wright State,FR,-69,7.245822031
32388,Ramsey,Little,Marist,JR,79,6.748678936
41636,Christopher,Paxis,Marist,JR,65,6.795188789
94760,Logan,Schaeffler,Marist,FR,61,6.807873116
44542,Gabe,Rodriguez,Marist,SR,60,6.809778082
62275,Kieran,Donnelly,Marist,JR,59,6.814458286
94761,Jeremiah,Lanum,Marist,FR,59,6.814590218
62272,Tyler,Perry,Marist,JR,59,6.815538627
77104,Jackson,Borge,Marist,SO,59,6.815652095
77103,Sean,Dearie,Marist,FR,58,6.817809258
44547,Jeremy,Mbogo,Marist,SR,56,6.826277173
41641,John,Ignacz,Marist,JR,55,6.828257173
77108,Matthew,Ferreri,Marist,SO,53,6.836239931
58471,Steven,Viera,Marist,JR,51,6.840407439
77102,Thomas,Rogers,Marist,FR,51,6.843117544
77105,Raffi,Buchakjian,Marist,SO,50,6.844134194
94767,Miles,Chamberlain,Marist,FR,50,6.844934298
77111,Dennis,Love,Marist,SO,49,6.847877962
94764,Justin,Schwartz,Marist,FR,49,6.847926211
94765,Davis,Haines,Marist,FR,48,6.850663304
94769,Joaquin,Bell-Andrade,Marist,FR,48,6.850724374
94773,Sam,Tellefson,Marist,FR,47,6.855911187
94770,Sanjith,Nomula,Marist,FR,46,6.857002456
94779,Kevin,Cannon,Marist,FR,46,6.858966888
77114,Ryan,Wisker,Marist,SO,45,6.861709526
77117,Mason,Mayer,Marist,SO,44,6.86564459
94771,Sean,Wilson,Marist,FR,44,6.865744664
62282,Alexander,Pattison,Marist,JR,43,6.868566314
62279,Jack,Dovaras,Marist,JR,42,6.871448693
77121,Thomas,Cavuoto,Marist,SO,42,6.87334578
44545,Christian,Locker,Marist,JR,42,6.873352281
94780,Patrick,Wininger,Marist,FR,41,6.875460815
77115,Pierce,Francis,Marist,SO,41,6.875677027
62280,Jacob,Anderson,Marist,SO,40,6.877577028
44544,Francisco,Mendonca,Marist,SR,39,6.883058737
77127,Alexander,Ushchak,Marist,SO,39,6.883522837
60288,Anthony,Citera,Marist,JR,35,6.894074234
94777,David,Laubenheimer,Marist,FR,35,6.895941982
77119,Seamus,Reidy,Marist,FR,25,6.9287101
77130,Joseph,Logan,Marist,FR,22,6.938642224
44543,Dylan,Perkinson,Marist,SR,16,6.958906233
66879,Tyler,Paszkowski,Robert Morris,JR,64,6.796661333
66881,Colten,Morris,Robert Morris,SR,64,6.798649808
66880,Ryan,Paris,Robert Morris,JR,59,6.814468922
49120,Skyler,Vavro,Robert Morris,SR,58,6.816946811
84674,Roman,Galioto,Robert Morris,SO,53,6.835739622
84675,Nathan,Wentling,Robert Morris,SO,52,6.838760676
84680,Sam,Gutzwiller,Robert Morris,RS,52,6.839734972
66887,Chris,McGlynn,Robert Morris,JR,49,6.847339304
108999,Owen,Dressler,Robert Morris,FR,48,6.850282215
109001,Jacob,Bayes,Robert Morris,FR,48,6.851798439
84678,Austin,Molinaro,Robert Morris,SO,48,6.852932328
109002,James,Couch,Robert Morris,FR,43,6.867374074
49113,Brayden,Boyd,Robert Morris,JR,43,6.868648513
66912,Luke,Livingston,Robert Morris,SR,41,6.876862177
84677,Pablo,Sutter,Robert Morris,FR,39,6.88326455
49117,Justin,Domencic,Robert Morris,SR,36,6.893509206
84679,Seth,Barron,Robert Morris,FR,34,6.898513511
84676,Eli,Dewitt,Robert Morris,FR,34,6.900343362
84686,Joshua,Romesser,Robert Morris,FR,11,6.975457227
49123,Ethan,Robinson,Robert Morris,RS,7,6.990752857
66879,Tyler,Paszkowski,Robert Morris,JR,64,6.796661333
66881,Colten,Morris,Robert Morris,SR,64,6.798649808
66880,Ryan,Paris,Robert Morris,JR,59,6.814468922
49120,Skyler,Vavro,Robert Morris,SR,58,6.816946811
84674,Roman,Galioto,Robert Morris,SO,53,6.835739622
84675,Nathan,Wentling,Robert Morris,SO,52,6.838760676
84680,Sam,Gutzwiller,Robert Morris,RS,52,6.839734972
66887,Chris,McGlynn,Robert Morris,JR,49,6.847339304
108999,Owen,Dressler,Robert Morris,FR,48,6.850282215
109001,Jacob,Bayes,Robert Morris,FR,48,6.851798439
84678,Austin,Molinaro,Robert Morris,SO,48,6.852932328
109002,James,Couch,Robert Morris,FR,43,6.867374074
49113,Brayden,Boyd,Robert Morris,JR,43,6.868648513
66912,Luke,Livingston,Robert Morris,SR,41,6.876862177
84677,Pablo,Sutter,Robert Morris,FR,39,6.88326455
49117,Justin,Domencic,Robert Morris,SR,36,6.893509206
84679,Seth,Barron,Robert Morris,FR,34,6.898513511
84676,Eli,Dewitt,Robert Morris,FR,34,6.900343362
84686,Joshua,Romesser,Robert Morris,FR,11,6.975457227
49123,Ethan,Robinson,Robert Morris,RS,7,6.990752857
80610,Josh,Otten,Detroit Mercy,JR,70,6.778972088
95241,Ryan,Belanger,Detroit Mercy,FR,61,6.807330153
80614,Christopher,Russelburg,Detroit Mercy,SO,59,6.813868796
53504,Josiah,Burr,Detroit Mercy,SR,55,6.827123434
95242,Caleb,Wynn,Detroit Mercy,FR,51,6.840382822
64699,Kenny,Lashaway,Detroit Mercy,SR,46,6.859089036
53503,Connor,Joyce,Detroit Mercy,RS,45,6.863068938
80613,KJ,Popiel,Detroit Mercy,SO,44,6.866368801
95246,Nicholas,Yaquinto,Detroit Mercy,FR,43,6.86907096
95244,Zachary,Rubicz,Detroit Mercy,FR,38,6.885214617
80615,Elijah,Jorgensen,Detroit Mercy,SO,37,6.887679356
87612,Nick,Fringer,Detroit Mercy,SR,35,6.896665756
69388,Ashwin,Philip,Detroit Mercy,SR,34,6.899202566
95247,Tyler,Vandierdonck,Detroit Mercy,SO,31,6.908441981
80616,Reuben,Philip,Detroit Mercy,FR,30,6.912371976
110116,Sebastian,Cervelli,Detroit Mercy,SO,26,6.924466172
95245,Luke,Sprague,Detroit Mercy,FR,26,6.927452894
64697,Andrew,Pries,Detroit Mercy,SR,25,6.927776817
53505,Isaiah,Bonner,Detroit Mercy,SR,17,6.955043953
94762,Jed,Elmbarki,Albany,JR,63,6.800597761
34679,Jared,Rogalski,Albany,SR,61,6.808854197
94759,Chris,Bertola,Albany,SR,60,6.811130489
94763,Tom,Ragone,Albany,SR,60,6.813115639
77110,Nikolas,Christian,Albany,SO,51,6.842456315
94768,Chris,Jernigan,Albany,FR,50,6.846682548
77107,Logan,Doll,Albany,FR,49,6.847137367
77109,Isaac,Graber,Albany,SO,49,6.850217032
94784,Devin,Finn,Albany,FR,45,6.86070124
94781,Steve,Hines,Albany,SR,43,6.867605852
94782,Jerry,Lewis,Albany,FR,42,6.872130626
77131,Brandon,Patanjo,Albany,SO,22,6.940256812
53897,Christian,Mercado,Albany,JR,19,6.948218411
94787,Conor,Hashim,Albany,FR,-21,7.085789525
51526,Andrew,Snyder,Baylor,SR,69,6.781771746
104436,Nick,Hruskoci,Baylor,JR,67,6.786783965
104437,Jack,Sterrett,Baylor,FR,61,6.806553756
84208,Nolan,Keenan,Baylor,SO,57,6.820818868
68037,Devin,Duran,Baylor,SR,57,6.820929798
96321,Caden,Biltz,Baylor,FR,52,6.838993395
84204,Aiden,Ramshaw,Baylor,SO,50,6.844023438
84206,Straton,Miller,Baylor,SO,50,6.845099214
96322,Ben,Archer,Baylor,SO,45,6.86186824
68039,Caleb,Ackman,Baylor,JR,40,6.877265644
68038,Ethan,Wrase,Baylor,JR,40,6.878174532
84212,Kanalu,Wong,Baylor,SO,38,6.884801905
94762,Jed,Elmbarki,Albany,JR,63,6.800597761
34679,Jared,Rogalski,Albany,SR,61,6.808854197
94759,Chris,Bertola,Albany,SR,60,6.811130489
94763,Tom,Ragone,Albany,SR,60,6.813115639
77110,Nikolas,Christian,Albany,SO,51,6.842456315
94768,Chris,Jernigan,Albany,FR,50,6.846682548
77107,Logan,Doll,Albany,FR,49,6.847137367
77109,Isaac,Graber,Albany,SO,49,6.850217032
94784,Devin,Finn,Albany,FR,45,6.86070124
94781,Steve,Hines,Albany,SR,43,6.867605852
94782,Jerry,Lewis,Albany,FR,42,6.872130626
77131,Brandon,Patanjo,Albany,SO,22,6.940256812
53897,Christian,Mercado,Albany,JR,19,6.948218411
94787,Conor,Hashim,Albany,FR,-21,7.085789525
87871,Adam,Groves,Coastal Carolina,SO,64,6.796516722
61189,Trey,Kraimer,Coastal Carolina,SR,62,6.80498662
87873,Sterling,Sellier,Coastal Carolina,SO,56,6.826355511
61194,Ethan,Blackwelder,Coastal Carolina,JR,54,6.830340264
97787,Garrett,Ricardo,Coastal Carolina,SR,54,6.830502534
92509,Julian,John,Coastal Carolina,SR,50,6.843558045
57792,Tomas,Duncan,Coastal Carolina,SR,49,6.849333155
97782,Dylan,Payer,Coastal Carolina,FR,46,6.859910879
91136,Jackson,Brungart,Coastal Carolina,SO,42,6.870554974
87877,George,Werner,Coastal Carolina,SO,40,6.879762
48060,Jack,Benoit,Coastal Carolina,JR,38,6.886891526
91137,Sean,Clegg,Coastal Carolina,SO,26,6.926523619
40017,Evan,Walda,Valparaiso,JR,74,6.765621958
63705,Joseph,Scheele,Valparaiso,JR,70,6.776114682
40020,Simeon,Ehm,Valparaiso,JR,68,6.785876852
82801,Karson,Hollander,Valparaiso,SO,65,6.794079889
68880,Brooks,Julian,Valparaiso,JR,54,6.830592352
82805,Noah,Meacham,Valparaiso,RS,51,6.843441813
97299,Tim,Jochum,Valparaiso,FR,50,6.844639947
97297,Tyler,Swartz,Valparaiso,FR,50,6.84525805
63706,Andrew,Kerlin,Valparaiso,RS,48,6.851606649
46892,Sean,Curran,Valparaiso,JR,47,6.853847924
82808,Alejandro,Chaves,Valparaiso,SO,45,6.861539332
64111,Cade,McAndrew,Valparaiso,SO,41,6.874307302
104588,James,Hercus,Valparaiso,FR,40,6.879460674
72961,Alex,Valerio,Valparaiso,SO,35,6.894710503
97300,Parker,Dietrick,Valparaiso,FR,34,6.899701655
97308,Ben,Crombie,Valparaiso,FR,30,6.914116343
63708,Marek,Potuznik,Valparaiso,JR,8,6.988284448
54383,Dillon,Harding,Loyola (Md.),SR,63,6.800922069
37935,Camden,Spring,Loyola (Md.),SR,60,6.810975221
80473,Michael,Byrnes,Loyola (Md.),SO,57,6.822525972
100593,Christian,Zawislack,Loyola (Md.),FR,55,6.82732367
54388,Dylan,Jock,Loyola (Md.),SR,54,6.832736054
63737,Dennis,McNamara,Loyola (Md.),JR,52,6.838222731
72767,Ailin,Oberlies,Loyola (Md.),JR,51,6.842713488
54390,Bryan,Hickman,Loyola (Md.),SR,40,6.88041736
63731,William,Malone,Loyola (Md.),JR,39,6.88072531
58129,Evan,Alander,Loyola (Md.),SR,38,6.883942982
80481,Ryan,Melendez,Loyola (Md.),SO,37,6.889995328
104426,Nick,Paganelli,Loyola (Md.),FR,31,6.910167622
54389,Evan,Skurat,Loyola (Md.),SR,30,6.914191577
80480,Matthew,Bradley,Loyola (Md.),SO,26,6.924499084
80478,Aeden,Barnett,Loyola (Md.),SO,25,6.930903601
109169,Sean,Gravell,Loyola (Md.),FR,17,6.955260169
100598,Colin,Muller,Loyola (Md.),FR,14,6.964894867
54383,Dillon,Harding,Loyola (Md.),SR,63,6.800922069
37935,Camden,Spring,Loyola (Md.),SR,60,6.810975221
80473,Michael,Byrnes,Loyola (Md.),SO,57,6.822525972
100593,Christian,Zawislack,Loyola (Md.),FR,55,6.82732367
54388,Dylan,Jock,Loyola (Md.),SR,54,6.832736054
63737,Dennis,McNamara,Loyola (Md.),JR,52,6.838222731
72767,Ailin,Oberlies,Loyola (Md.),JR,51,6.842713488
54390,Bryan,Hickman,Loyola (Md.),SR,40,6.88041736
63731,William,Malone,Loyola (Md.),JR,39,6.88072531
58129,Evan,Alander,Loyola (Md.),SR,38,6.883942982
80481,Ryan,Melendez,Loyola (Md.),SO,37,6.889995328
104426,Nick,Paganelli,Loyola (Md.),FR,31,6.910167622
54389,Evan,Skurat,Loyola (Md.),SR,30,6.914191577
80480,Matthew,Bradley,Loyola (Md.),SO,26,6.924499084
80478,Aeden,Barnett,Loyola (Md.),SO,25,6.930903601
109169,Sean,Gravell,Loyola (Md.),FR,17,6.955260169
100598,Colin,Muller,Loyola (Md.),FR,14,6.964894867
63577,Bramwell,Havi,Florida Gulf Coast,SR,66,6.790097147
87263,Nekhi,Perry,Florida Gulf Coast,JR,58,6.818738019
87265,Hudson,Jessep,Florida Gulf Coast,FR,55,6.827047906
97583,Hector,Toro,Florida Gulf Coast,FR,54,6.830996511
63568,Abel,Ramos,Florida Gulf Coast,SR,54,6.831184934
97584,Dylan,Torres,Florida Gulf Coast,FR,52,6.837328249
32686,Franklin,Caceres,Florida Gulf Coast,SR,51,6.840745069
63566,Matthew,Speruta,Florida Gulf Coast,SO,50,6.844276975
87268,Evan,Crane,Florida Gulf Coast,SO,50,6.846442972
63561,Bus,Baker,Florida Gulf Coast,SR,48,6.852713855
79064,Mitchell,Curtis,Florida Gulf Coast,SR,35,6.894410384
87272,Brayden,Lowe-Massi,Florida Gulf Coast,SO,29,6.915919429
101325,Meshack,Kuyo,N.C. Central,SO,77,6.753485357
72941,Emmanuel,Paddyfote,N.C. Central,JR,61,6.806499616
106343,Evans,Kimutai,N.C. Central,SO,52,6.838302445
86738,Ryan,Chong,N.C. Central,SO,47,6.85573621
49338,Sebastian,Dozier,N.C. Central,SR,47,6.856133759
72943,Corey,Little,N.C. Central,JR,33,6.901776429
86739,Donald,Moore,N.C. Central,FR,33,6.902790097
72942,Octavious,Smith,N.C. Central,JR,22,6.939476805
106350,Wesley,Kibet,N.C. Central,FR,17,6.954757263
86742,Elmore,Johnson,N.C. Central,FR,-31,7.119188125
86744,Ocir,Black,N.C. Central,FR,-74,7.264427991
101325,Meshack,Kuyo,N.C. Central,SO,77,6.753485357
72941,Emmanuel,Paddyfote,N.C. Central,JR,61,6.806499616
106343,Evans,Kimutai,N.C. Central,SO,52,6.838302445
86738,Ryan,Chong,N.C. Central,SO,47,6.85573621
49338,Sebastian,Dozier,N.C. Central,SR,47,6.856133759
72943,Corey,Little,N.C. Central,JR,33,6.901776429
86739,Donald,Moore,N.C. Central,FR,33,6.902790097
72942,Octavious,Smith,N.C. Central,JR,22,6.939476805
106350,Wesley,Kibet,N.C. Central,FR,17,6.954757263
86742,Elmore,Johnson,N.C. Central,FR,-31,7.119188125
86744,Ocir,Black,N.C. Central,FR,-74,7.264427991
63842,Matthew,Scheneberg,Marshall,SO,62,6.80387019
78672,Garrett,Ferguson,Marshall,SO,61,6.808078984
99246,Justin,Lipscomb,Marshall,FR,58,6.817986772
51559,Branden,Wood,Marshall,JR,58,6.818549267
78678,Brady,Dawkins,Marshall,SO,57,6.820130171
78683,John,Duvall,Marshall,SO,53,6.833683811
55673,Kazuma,Bowring,Marshall,JR,52,6.83862608
6148,Kent,Bee,Marshall,SO,49,6.84735858
78682,Nathaniel,Schneider,Marshall,JR,44,6.86491983
78689,Zach,Cannon,Marshall,SO,43,6.868514297
78677,Donny,Speas,Marshall,JR,43,6.869578629
51561,Jackson,Snyder,Marshall,JR,41,6.875191769
99252,Luke,Goode,Marshall,FR,38,6.886757966
78685,Braeden,Elswick,Marshall,SO,34,6.899946269
99253,Landon,Brumfield,Marshall,FR,30,6.913405355
78686,Jordan,Gillum,Marshall,FR,23,6.936124545
104534,Chase,Trembly,Marshall,FR,22,6.93882805
104535,Ben,Parker,Marshall,JR,10,6.980156735
63881,Grant,Chaffin,Marshall,JR,1,7.009091834
63879,Jack,Betz,Marshall,JR,-6,7.033226175
67238,Camilo,Torres,CSUN,JR,66,6.791936997
67240,Atticus,Hall,CSUN,JR,63,6.801142448
52063,Daniel,Rodriguez,CSUN,SR,61,6.809068045
67242,Cesar,Cuevas,CSUN,JR,59,6.813481356
82179,Yaseen,Sardar,CSUN,FR,57,6.821500886
107122,Thomas,Achten,CSUN,FR,56,6.825307404
88514,Ramiro,Mateos,CSUN,SR,52,6.838799327
67244,Kai,Smith,CSUN,JR,50,6.846389736
82193,Ja'Patrick,Smith,CSUN,JR,49,6.849678402
96915,Darrick,Jacob,CSUN,FR,48,6.851402644
96917,Alec,Flores,CSUN,FR,42,6.871351278
67246,Luis,Silva,CSUN,SO,40,6.880072872
82187,Ethan,Smith,CSUN,SO,37,6.888154218
107131,Diego,Rodriguez,CSUN,FR,34,6.899472821
96919,Caden,Bazo,CSUN,FR,30,6.912572688
63842,Matthew,Scheneberg,Marshall,SO,62,6.80387019
78672,Garrett,Ferguson,Marshall,SO,61,6.808078984
99246,Justin,Lipscomb,Marshall,FR,58,6.817986772
51559,Branden,Wood,Marshall,JR,58,6.818549267
78678,Brady,Dawkins,Marshall,SO,57,6.820130171
78683,John,Duvall,Marshall,SO,53,6.833683811
55673,Kazuma,Bowring,Marshall,JR,52,6.83862608
6148,Kent,Bee,Marshall,SO,49,6.84735858
78682,Nathaniel,Schneider,Marshall,JR,44,6.86491983
78689,Zach,Cannon,Marshall,SO,43,6.868514297
78677,Donny,Speas,Marshall,JR,43,6.869578629
51561,Jackson,Snyder,Marshall,JR,41,6.875191769
99252,Luke,Goode,Marshall,FR,38,6.886757966
78685,Braeden,Elswick,Marshall,SO,34,6.899946269
99253,Landon,Brumfield,Marshall,FR,30,6.913405355
78686,Jordan,Gillum,Marshall,FR,23,6.936124545
104534,Chase,Trembly,Marshall,FR,22,6.93882805
104535,Ben,Parker,Marshall,JR,10,6.980156735
63881,Grant,Chaffin,Marshall,JR,1,7.009091834
63879,Jack,Betz,Marshall,JR,-6,7.033226175
47272,Omer,El-Fadl,Mcneese State,RS,75,6.760744655
64512,Gilbert,Kimutai,Mcneese State,JR,70,6.777775359
78213,Rolando,Ortiz,Mcneese State,SR,64,6.796653574
97194,Ryan,McCarthy,Mcneese State,FR,61,6.806981837
78219,Alex,Martin,Mcneese State,SO,54,6.832261858
90626,Kevin,Kimaiyo,Mcneese State,SO,53,6.834878287
78227,Sullivan,Hanna,Mcneese State,SO,50,6.845536381
97199,James,Boutte,Mcneese State,FR,48,6.852835013
47274,Filippo,Squassina,Mcneese State,SR,48,6.853557977
64532,Abdullah,Elkhair,Mcneese State,JR,38,6.88627373
97202,Owen,Kirkland,Mcneese State,FR,35,6.89576098
97203,John,Patrick-Bartle,Mcneese State,FR,28,6.920873773
97201,Ben,Preddy,Mcneese State,SR,14,6.965460763
64536,Obied,Mohamed,Mcneese State,SO,8,6.987818294
26433,Joshua,Daggett,Radford,JR,71,6.77318284
104523,Asrael,Cabusoa,Radford,FR,63,6.800747776
75469,Maxton,Sowers,Radford,JR,62,6.803284012
26429,Luke,Richards,Radford,JR,60,6.81223033
26453,Sam,Sikora,Radford,SR,59,6.813736148
51560,Clay,Kelly,Radford,JR,58,6.818531519
69984,Charlie,Dance,Radford,SO,49,6.847265669
26442,Alejo,Cobos,Radford,JR,49,6.84850774
51564,Hayat,Khan,Radford,JR,49,6.849934312
104526,Andrew,Kight,Radford,FR,44,6.865196639
100373,Ryan,Connelly,Radford,FR,43,6.86759297
100377,Logan,Hamilton,Radford,FR,36,6.891025467
67146,Liam,McDonald,Radford,JR,35,6.89738069
110512,Jack,Benoit,Radford,SR,21,6.941446981
14393,Jacob,Vogelpohl,Morehead State,SR,62,6.80521999
14373,Peyton,Fairchild,Morehead State,SR,61,6.808266587
99249,Ryan,Richendollar,Morehead State,FR,58,6.818960825
14382,Kyler,Stewart,Morehead State,SR,54,6.830060657
55652,Wes,Grogan,Morehead State,SR,52,6.839521452
80340,Garrett,West,Morehead State,SO,43,6.868387136
80335,Armando,Montes,Morehead State,FR,42,6.871895986
80336,Keghan,Thompson,Morehead State,SO,40,6.878091665
14405,Justin,Bland,Morehead State,SR,39,6.880804824
14388,Toby,Cook,Morehead State,JR,39,6.881064303
80338,Aidan,Whitsell,Morehead State,SO,38,6.884059384
52453,Ethan,Vance,Morehead State,RS,38,6.884241159
99257,Brody,Coleman,Morehead State,FR,37,6.890237291
52451,Austin,Montgomery,Morehead State,SR,36,6.890876988
99256,Carter,Hurley,Morehead State,FR,34,6.89793011
99254,Preston,Glassco,Morehead State,FR,34,6.898957076
52457,Alex,Murray,Morehead State,JR,33,6.901295073
80339,Noah,Bunting,Morehead State,SO,33,6.901350224
99260,Weston,Blair,Morehead State,FR,31,6.909124463
99264,Liam,Parido,Morehead State,FR,29,6.916186208
52456,Sam,Lucas,Morehead State,JR,28,6.919916874
99266,Carter,Lamb,Morehead State,FR,25,6.931000589
80346,Brady,Baker,Morehead State,SO,23,6.935727463
80347,Asher,Jack,Morehead State,SO,-7,7.036645276
80979,Ryan,Martin,Sacramento St.,SO,62,6.804449136
90143,Brandon,Moreno,Sacramento St.,SO,60,6.810393348
35987,Aiden,Maddison,Sacramento St.,SR,57,6.821890329
42783,Kelly,Galicia-Thomas,Sacramento St.,SR,50,6.845594366
75349,Cooper,Love,Sacramento St.,JR,45,6.861705709
67730,Paden,Collard,Sacramento St.,SR,45,6.862211416
42749,Jake,Slade,Sacramento St.,SR,42,6.872007281
96972,Saul,Orozco,Sacramento St.,FR,41,6.875256205
90144,Isaac,Chavez,Sacramento St.,FR,24,6.933175813
46877,Logan,Lommel,Western Illinois,SR,69,6.780503487
83152,Logan,Beckmier,Western Illinois,SO,68,6.784886518
75490,Robert,Perry,Western Illinois,JR,63,6.80258587
83155,Sean,Hudspath,Western Illinois,SO,58,6.817936117
15394,Isaiah,Moorman,Western Illinois,JR,52,6.837427148
100559,Eason,Comer,Western Illinois,FR,47,6.856265691
64456,Caleb,Ware,Western Illinois,SO,38,6.886271648
98586,Richard,Brown,Western Illinois,SR,32,6.906754575
83158,Isaac,Jones,Western Illinois,FR,31,6.909795786
15395,Max,Lupo,Western Illinois,JR,22,6.939671254
110539,Matthew,Thomas,Western Illinois,SO,-81,7.287707866
46877,Logan,Lommel,Western Illinois,SR,69,6.780503487
83152,Logan,Beckmier,Western Illinois,SO,68,6.784886518
75490,Robert,Perry,Western Illinois,JR,63,6.80258587
83155,Sean,Hudspath,Western Illinois,SO,58,6.817936117
15394,Isaiah,Moorman,Western Illinois,JR,52,6.837427148
100559,Eason,Comer,Western Illinois,FR,47,6.856265691
64456,Caleb,Ware,Western Illinois,SO,38,6.886271648
98586,Richard,Brown,Western Illinois,SR,32,6.906754575
83158,Isaac,Jones,Western Illinois,FR,31,6.909795786
15395,Max,Lupo,Western Illinois,JR,22,6.939671254
110539,Matthew,Thomas,Western Illinois,SO,-81,7.287707866
93845,Kaleb,Glaizer,Kansas City,FR,61,6.809004805
62639,Joan,Rocha-Navarro,Kansas City,SR,60,6.812534148
62643,Sam,Cleary,Kansas City,SO,55,6.829548774
93854,Dalton,Heller,Kansas City,FR,52,6.838152274
3079,Logan,Klingele,Kansas City,JR,49,6.848247835
90819,Evan,Kiefer,Kansas City,SO,45,6.860575024
53542,Athanasius,Kibiwott,Kansas City,JR,45,6.861763264
93862,MJ,Foster,Kansas City,FR,45,6.862630138
56445,Chayse,McCullough,Kansas City,JR,37,6.890381061
77167,Eli,Block,Kansas City,SO,35,6.89438765
90820,Carson,Hill,Kansas City,SO,35,6.895469502
93865,Luke,Swarts,Kansas City,FR,26,6.927725848
93867,Connor,Jacober,Kansas City,FR,17,6.956208482
77169,ian,Oneal,Kansas City,SO,16,6.959016864
93868,Quentin,Zimmer,Kansas City,FR,15,6.963516856
77170,Alex,White,Kansas City,FR,14,6.965266378
77173,Nathaniel,Hartman,Kansas City,SR,0,7.013505005
62641,Kai,White,Kansas City,JR,0,7.014264783
93845,Kaleb,Glaizer,Kansas City,FR,61,6.809004805
62639,Joan,Rocha-Navarro,Kansas City,SR,60,6.812534148
62643,Sam,Cleary,Kansas City,SO,55,6.829548774
93854,Dalton,Heller,Kansas City,FR,52,6.838152274
3079,Logan,Klingele,Kansas City,JR,49,6.848247835
90819,Evan,Kiefer,Kansas City,SO,45,6.860575024
53542,Athanasius,Kibiwott,Kansas City,JR,45,6.861763264
93862,MJ,Foster,Kansas City,FR,45,6.862630138
56445,Chayse,McCullough,Kansas City,JR,37,6.890381061
77167,Eli,Block,Kansas City,SO,35,6.89438765
90820,Carson,Hill,Kansas City,SO,35,6.895469502
93865,Luke,Swarts,Kansas City,FR,26,6.927725848
93867,Connor,Jacober,Kansas City,FR,17,6.956208482
77169,ian,Oneal,Kansas City,SO,16,6.959016864
93868,Quentin,Zimmer,Kansas City,FR,15,6.963516856
77170,Alex,White,Kansas City,FR,14,6.965266378
77173,Nathaniel,Hartman,Kansas City,SR,0,7.013505005
62641,Kai,White,Kansas City,JR,0,7.014264783
76511,Kevin,Shank,VMI,SO,68,6.785085013
76513,Patrick,Lowry,VMI,SO,56,6.826507623
61625,Benjamin,Hagerich,VMI,JR,52,6.839653399
94070,Luke,Gaylor,VMI,FR,48,6.850950004
61630,Patrick,Kiernan,VMI,SR,47,6.855336689
94081,Jackson,Geisendaffer,VMI,FR,46,6.85784868
76547,Colin,Crenshaw,VMI,SO,45,6.862018366
57306,Brian,Tavenner,VMI,SR,44,6.864497991
94080,Peter,Fiorillo,VMI,SO,35,6.896909787
76551,Michael,Kelley,VMI,SO,32,6.907462845
73088,John,Gibson,VMI,SO,29,6.914504277
94085,Sullivan,McGreevy,VMI,FR,29,6.916660876
91417,Michael,Jorgensen,VMI,SO,29,6.9176056
61621,Nicholas,Ligday,VMI,JR,17,6.955846166
76552,Jake,Falcone,VMI,SO,16,6.96040772
94098,Schuyler,Nitzsche,VMI,FR,15,6.961880751
94097,Rye,Jackson,VMI,FR,10,6.978626473
94091,James,Gao,VMI,FR,9,6.984563404
94100,Aidan,Zagorski,VMI,FR,8,6.986163625
94102,Camden,Gonzales,VMI,FR,7,6.988566457
94108,Matthew,Sterbenz,VMI,FR,0,7.012077762
94109,Ethan,Sharkey,VMI,FR,-4,7.026171709
87722,Jason,Bowers,East Tenn. St.,JR,89,6.713820545
60060,Evan,Guzman,East Tenn. St.,JR,79,6.746531716
63654,Xian,Campbell,East Tenn. St.,SO,68,6.78362826
82692,Chance,Underwood,East Tenn. St.,SO,61,6.809169972
6584,Josh,Krafsur,East Tenn. St.,SR,57,6.822371584
63656,Nate,Hillis,East Tenn. St.,JR,55,6.827075427
82696,Dane,Sullins,East Tenn. St.,SO,54,6.832093072
63655,Abdul,Jaber,East Tenn. St.,JR,52,6.837306817
63660,Ben,Kenner,East Tenn. St.,JR,52,6.837867866
100198,Grayson,Cromer,East Tenn. St.,FR,52,6.838400977
63659,Nolan,Pedota,East Tenn. St.,SO,52,6.839605778
82688,Luke,Young,East Tenn. St.,SO,50,6.843506828
100199,Colin,Everett,East Tenn. St.,FR,49,6.849191296
63657,Jack,Watson,East Tenn. St.,JR,48,6.851173344
48032,William,Hartig,East Tenn. St.,JR,47,6.856803729
82695,Liam,Young,East Tenn. St.,SO,46,6.85900492
48056,Mason,Brandon,East Tenn. St.,JR,44,6.866570509
100203,Hayden,Waleski,East Tenn. St.,FR,43,6.867378057
92511,Conner,Overly,East Tenn. St.,JR,39,6.882155446
76511,Kevin,Shank,VMI,SO,68,6.785085013
76513,Patrick,Lowry,VMI,SO,56,6.826507623
61625,Benjamin,Hagerich,VMI,JR,52,6.839653399
94070,Luke,Gaylor,VMI,FR,48,6.850950004
61630,Patrick,Kiernan,VMI,SR,47,6.855336689
94081,Jackson,Geisendaffer,VMI,FR,46,6.85784868
76547,Colin,Crenshaw,VMI,SO,45,6.862018366
57306,Brian,Tavenner,VMI,SR,44,6.864497991
94080,Peter,Fiorillo,VMI,SO,35,6.896909787
76551,Michael,Kelley,VMI,SO,32,6.907462845
73088,John,Gibson,VMI,SO,29,6.914504277
94085,Sullivan,McGreevy,VMI,FR,29,6.916660876
91417,Michael,Jorgensen,VMI,SO,29,6.9176056
61621,Nicholas,Ligday,VMI,JR,17,6.955846166
76552,Jake,Falcone,VMI,SO,16,6.96040772
94098,Schuyler,Nitzsche,VMI,FR,15,6.961880751
94097,Rye,Jackson,VMI,FR,10,6.978626473
94091,James,Gao,VMI,FR,9,6.984563404
94100,Aidan,Zagorski,VMI,FR,8,6.986163625
94102,Camden,Gonzales,VMI,FR,7,6.988566457
94108,Matthew,Sterbenz,VMI,FR,0,7.012077762
94109,Ethan,Sharkey,VMI,FR,-4,7.026171709
48395,Clay,Peets,St. Bonaventure,RS,72,6.771524535
62667,Aiden,Scattergood,St. Bonaventure,JR,69,6.782006865
40466,Zane,Courtwright,St. Bonaventure,SR,59,6.813587593
78498,William,McCarthy,St. Bonaventure,SO,52,6.838842534
62673,Casey,Malloy,St. Bonaventure,JR,52,6.839170711
78502,Joshua,Lopez,St. Bonaventure,SO,49,6.848714377
104119,Sam,Tomm,St. Bonaventure,FR,47,6.854737809
104126,Nathan,Sikorski,St. Bonaventure,FR,45,6.86306634
62672,Ethan,Luce,St. Bonaventure,JR,44,6.864170443
104127,Brendan,Chapple,St. Bonaventure,SO,44,6.865864558
62668,Alex,Ryan,St. Bonaventure,JR,43,6.867696032
107171,Aiden,Konetsky,St. Bonaventure,FR,41,6.876749874
48399,Colin,McCarthy,St. Bonaventure,SR,41,6.876897747
48398,Drew,Carlson,St. Bonaventure,SR,40,6.880271269
48404,James,Fitzmaurice,St. Bonaventure,SR,39,6.881893917
48401,Jared,Deno,St. Bonaventure,SR,37,6.887982427
78497,Lucas,Catarella,St. Bonaventure,SO,34,6.897500928
104128,Carter,Stevens,St. Bonaventure,FR,33,6.902353729
104129,Kevin,Renner,St. Bonaventure,FR,31,6.909896839
78506,Matthew,Ryan,St. Bonaventure,SO,28,6.91768821
104131,Layne,Haught,St. Bonaventure,FR,26,6.925745301
62669,Christian,Figueroa,St. Bonaventure,JR,25,6.928370419
78503,Brecken,Riley,St. Bonaventure,SO,24,6.932134464
104130,Blake,Wenger,St. Bonaventure,FR,22,6.940270443
48413,Owen,Noecker,St. Bonaventure,SR,22,6.940505767
78507,Ryan,Umiker,St. Bonaventure,SO,21,6.942817116
62674,Tyler,Schott,St. Bonaventure,JR,21,6.943380371
62676,Aiden,Holt,St. Bonaventure,JR,20,6.945956506
78510,Brennen,Cockrell,St. Bonaventure,SO,19,6.949066249
48411,Conor,Quinn,St. Bonaventure,SR,18,6.95234519
78509,Riley,Dillon,St. Bonaventure,SO,16,6.961012755
62678,James,Hoffman,St. Bonaventure,JR,12,6.973929104
104133,Nick,Cribbet,St. Bonaventure,FR,11,6.976093067
78512,Henry,Morris,St. Bonaventure,SO,2,7.006721823
78513,Aidan,Hurley,St. Bonaventure,SO,-12,7.055267713
78514,Jacob,Armer,St. Bonaventure,SO,-17,7.072050754
79460,Anthony,Sweet,Bowling Green,SR,65,6.796073298
14661,Heriberto,Alvarez,Bowling Green,JR,61,6.806986788
91511,Ben,Myers,Bowling Green,SO,54,6.832496526
48417,Michael,Nowinski,Bowling Green,SR,51,6.84251886
79457,Micah,Bentley,Bowling Green,SO,50,6.843647057
14655,Michael,Worboy,Bowling Green,JR,50,6.845735893
79489,Luke,Woolard,Bowling Green,SO,47,6.855377925
64884,Bryce,Weber,Bowling Green,SO,38,6.887047058
64886,Hunter,Sidle,Bowling Green,JR,36,6.89095572
109129,Luke,Lesseuer,Bowling Green,FR,34,6.897659388
110117,Jim,Trzaska,Bowling Green,FR,27,6.924215074
46684,Tyler,Guthrie,Siu Edwardsville,SR,60,6.811612001
104586,Tanner,Emerson,Siu Edwardsville,FR,57,6.820229511
46689,Jackson,Edwards,Siu Edwardsville,SR,53,6.835257519
66003,D'Andre,Watson,Siu Edwardsville,JR,50,6.845380896
97082,Logan,Luttrell,Siu Edwardsville,FR,44,6.864995714
81099,Cullen,Krieg,Siu Edwardsville,SO,43,6.867706225
14379,Blake,Panagos,Siu Edwardsville,JR,39,6.881983876
104590,Jack,Willenborg,Siu Edwardsville,FR,33,6.903025872
104591,Dallas,Mancinas,Siu Edwardsville,FR,27,6.924275234
49332,Nigel,Dos-Santos,Usc Upstate,RS,64,6.797811972
63661,Sam,Shimanskiy,Usc Upstate,JR,60,6.811995778
96712,Ian,Kelbert,Usc Upstate,JR,59,6.814468484
56151,Gabe,Herron,Usc Upstate,SR,50,6.844657215
26435,Carter,Sexton,Usc Upstate,SR,47,6.856260742
96720,Cameron,Moors,Usc Upstate,FR,46,6.860035167
96727,Jason,Heusinger,Usc Upstate,FR,46,6.860053847
82703,Eric,Perry,Usc Upstate,SO,45,6.863502593
96734,Nick,Brooks,Usc Upstate,FR,43,6.867531074
82698,Connor,Herold,Usc Upstate,SO,42,6.871302962
63665,Chris,Post,Usc Upstate,SR,40,6.878509757
63673,Mason,Parish,Usc Upstate,RS,40,6.87994878
26446,Derek,Staton,Usc Upstate,SR,35,6.896554278
96732,Elias,Harrison,Usc Upstate,SO,27,6.923648969
109005,Landen,Barron,Usc Upstate,FR,24,6.934044147
82706,Mack,Stancil,Usc Upstate,JR,22,6.941026148
50050,Isaac,Rascon,Northern Colorado,SR,60,6.812917877
24808,Cale,Schafer,Northern Colorado,SR,54,6.831312617
83790,Noah,Osmond,Northern Colorado,SO,51,6.840950694
62304,Hunter,Kenney,Northern Colorado,JR,48,6.851134918
50054,Colton,Magnuson,Northern Colorado,SR,48,6.852287928
62302,Dylan,Steele,Northern Colorado,SR,45,6.862164012
89245,Kamryn,Golub,Northern Colorado,SO,41,6.874895452
89256,Nathan,Plant,Northern Colorado,JR,39,6.881153714
83792,Dylan,Wilson,Northern Colorado,SO,34,6.900197517
96488,Ben,Whitson,Northern Colorado,SO,22,6.938662003
96489,Hayden,Hyman,Northern Colorado,FR,14,6.966485139
50050,Isaac,Rascon,Northern Colorado,SR,60,6.812917877
24808,Cale,Schafer,Northern Colorado,SR,54,6.831312617
83790,Noah,Osmond,Northern Colorado,SO,51,6.840950694
62304,Hunter,Kenney,Northern Colorado,JR,48,6.851134918
50054,Colton,Magnuson,Northern Colorado,SR,48,6.852287928
62302,Dylan,Steele,Northern Colorado,SR,45,6.862164012
89245,Kamryn,Golub,Northern Colorado,SO,41,6.874895452
89256,Nathan,Plant,Northern Colorado,JR,39,6.881153714
83792,Dylan,Wilson,Northern Colorado,SO,34,6.900197517
96488,Ben,Whitson,Northern Colorado,SO,22,6.938662003
96489,Hayden,Hyman,Northern Colorado,FR,14,6.966485139
45464,Keegan,Barnette,Western Kentucky,FR,67,6.787273332
104494,Jake,Younger,Western Kentucky,FR,54,6.833153549
80567,Jared,Sandfoss,Western Kentucky,SO,53,6.835223222
80578,Trevor,Hudnall,Western Kentucky,SO,51,6.840908067
104492,Cates,Duncan,Western Kentucky,FR,51,6.842783069
108998,Hollis,Johnson,Western Kentucky,JR,51,6.842954185
80595,Michael,House,Western Kentucky,SO,47,6.854864599
65156,Wade,Balcom,Western Kentucky,JR,47,6.855913104
45477,Brad,Wiggins,Western Kentucky,JR,42,6.873021217
109004,Parker,Smith,Western Kentucky,FR,41,6.875369104
92343,Sam,Brophy,Western Kentucky,SO,40,6.877198116
96757,Tyler,Pfefferkorn,Western Kentucky,FR,40,6.877484692
80585,Ben,Dunkle,Western Kentucky,FR,32,6.904710261
80584,Carson,Sansenbach,Western Kentucky,SO,31,6.908992723
87508,Rowen,Wilkinson,Western Kentucky,JR,31,6.90974178
41653,Braden,York,Niagara,SR,74,6.764314453
78505,Luc,DiFlavio,Niagara,SO,50,6.846632577
62670,Caleb,Noble,Niagara,JR,47,6.853766293
104122,Brodie,Terkhorn,Niagara,FR,46,6.859497193
78504,Caleb,Harman,Niagara,SO,41,6.875931513
62680,Brendan,Kelly,Niagara,JR,25,6.929148006
105132,Franklin,Payne,Niagara,FR,20,6.947879713
78511,Brendan,Wangler,Niagara,SO,15,6.96249932
57577,Joshua,Wolski,Niagara,SR,13,6.968760705
104134,Michael,Flannery,Niagara,FR,8,6.987198003
104135,Joshua,Romesser,Niagara,SO,0,7.014447811
45799,Benjamin,Goulet,Longwood,SR,60,6.811162045
76520,Jordyn,Dillavou,Longwood,JR,56,6.825570552
45808,Saad,Khan,Longwood,SR,54,6.83155683
76534,Clinton,Clancy,Longwood,SO,46,6.860298468
55672,Ethan,Pettyjohn,Longwood,SR,41,6.876021739
69985,Javier,Roldan,Longwood,JR,40,6.877795991
45802,Alec,Daniel,Longwood,SR,36,6.892977984
45806,Misha,Wiley,Longwood,SR,35,6.89655398
67149,Andrew,Schaefer,Longwood,JR,34,6.899124034
94096,Kadin,Nitsch,Longwood,FR,31,6.908568543
76546,Marcus,Sosa,Longwood,FR,31,6.909097082
69986,Bryce,Christian,Longwood,JR,31,6.90909985
76544,Nicolas,Williams,Longwood,FR,26,6.92668677
76540,Christian,Reid,Longwood,SO,23,6.935765506
76556,Avery,Brown,Longwood,SO,20,6.946870667
94093,Joshua,Martin,Longwood,FR,15,6.961749331
103008,Daniel,Duarte,Longwood,FR,11,6.976627712
76558,Andrew,Bernhardt,Longwood,SO,-3,7.022853441
103010,Connor,Butchyk,Longwood,FR,-3,7.025215213
77100,Jared,Lautenslager,Manhattan,JR,70,6.777516614
62284,Jaxon,Newton,Manhattan,JR,56,6.823490031
94723,Adrian,Alonso,Manhattan,JR,55,6.829009914
94727,Joshua,Mingoia,Manhattan,FR,51,6.842727666
69543,Jack,Flanagan,Manhattan,JR,47,6.85553792
77124,Adam,Guzman,Manhattan,SO,46,6.857248999
109574,Rasmus,Jaeger,Manhattan,FR,46,6.857618151
69544,Brendan,Chan,Manhattan,JR,38,6.884177374
44553,Brendan,Lucey,Manhattan,SR,36,6.892178914
77126,Patrick,Fox,Manhattan,SO,35,6.895421045
62283,Dean,Mayo,Manhattan,JR,33,6.902241208
94731,Colby,Micheels,Manhattan,SO,27,6.921911784
77132,James,Barnacle,Manhattan,FR,27,6.923656175
77129,Mason,Cohen,Manhattan,FR,25,6.929898234
44549,Travis,Delaney,Manhattan,JR,25,6.930255446
62292,Walter,Brady,Manhattan,SO,-21,7.086021231
30611,Michael,Chipi,Mount St. Mary'S,JR,66,6.790555578
91416,Niels,Peeters,Mount St. Mary'S,SO,65,6.795012917
47513,John,Ruona,Mount St. Mary'S,JR,54,6.833321713
109132,Samuel,Serrano,Mount St. Mary'S,FR,51,6.842460034
47520,Kevin,Zaleski,Mount St. Mary'S,SR,43,6.869983207
78863,Ethan,Villaver,Mount St. Mary'S,SO,42,6.87163096
65441,Alex,Campagna,Mount St. Mary'S,JR,39,6.880851946
65431,Seth,Lassiter,Mount St. Mary'S,SR,39,6.882687991
30617,Brendan,Duff,Mount St. Mary'S,SR,34,6.899975152
78864,Gavin,Gallo,Mount St. Mary'S,SO,33,6.902589865
97534,Riley,Keffer,Mount St. Mary'S,SR,33,6.903880431
97539,Dylan,Hoernlein,Mount St. Mary'S,SO,29,6.915075889
78866,Patrick,Simpson,Mount St. Mary'S,SO,27,6.921920302
97542,Hunter,Brown,Mount St. Mary'S,FR,25,6.930114719
97537,Brandon,Smith,Mount St. Mary'S,FR,23,6.935087912
97544,Diego,Herrera,Mount St. Mary'S,FR,23,6.936659914
109133,Sunahi,Huegun,Mount St. Mary'S,FR,22,6.941226512
97541,Kidus,Chanyalew,Mount St. Mary'S,FR,15,6.96148303
97540,Santiago,Canadas,Mount St. Mary'S,FR,15,6.962274485
97545,Abraham,Eason,Mount St. Mary'S,FR,13,6.968614812
65438,Michael,Cunningham,Mount St. Mary'S,JR,6,6.992117274
92468,Joey,Jacobs,Mount St. Mary'S,SO,4,7.000619057
102944,Patrick,Griffin,Mount St. Mary'S,FR,-1,7.016923933
72830,Colton,Stunkard,UTSA,JR,69,6.779831963
104694,AJ,Tyler,UTSA,SR,63,6.799804887
72831,Caden,Cunningham,UTSA,JR,62,6.804852829
74014,OJ,Ruiz,UTSA,JR,60,6.813121087
64119,Landon,Blankenship,UTSA,SO,53,6.836406406
89276,Adrian,Orozco,UTSA,SO,51,6.841141161
6147,Idol,Ramon,UTSA,SR,50,6.845021677
64134,Gabe,Hernandez,UTSA,SO,42,6.870892312
92240,Victor,Charo,UTSA,JR,41,6.874551392
104695,Diego,Ramirez,UTSA,FR,37,6.88735196
104699,Cortlin,Salge,UTSA,FR,28,6.91825016
64128,Dominick,Landin,UTSA,SO,27,6.922624806
104700,Carter,Williams,UTSA,FR,22,6.940403008
104702,Gabe,Tubbs,UTSA,FR,15,6.962746981
44672,Aidan,Haughian,LIU,SR,57,6.823129338
98789,Robby,Levy,LIU,FR,56,6.823751241
30599,Bryan,Villafuerte,LIU,SR,48,6.851858949
30605,Perry,Balsamo,LIU,SR,47,6.85375267
74331,John,Schwab,LIU,JR,44,6.866373972
76687,Joshua,Roos,LIU,SO,42,6.870553661
85483,Ryan,Bailor,LIU,FR,40,6.879393951
30624,Darin,Cofield,LIU,SR,34,6.899501835
30623,Justin,Rajab,LIU,JR,30,6.912421046
60386,Tyrese,Bowes,LIU,SR,22,6.940670554
44679,Beck,Goed,LIU,SR,-3,7.024346163
74737,Nicholas,Rivera,LIU,SO,-8,7.040631093
102714,Cole,Stellman,LIU,FR,-26,7.101050069
86759,Marian,Drazan,Delaware State,SO,71,6.774996833
86761,Jonathan,Drew,Delaware State,SO,58,6.818509717
53195,Devin,Smith,Delaware State,SR,54,6.830713372
94708,Ian,Cain,Delaware State,FR,44,6.866925232
72229,Bryant,Adams-Jr.,Delaware State,JR,26,6.925150155
86760,Da'Shawn,Keller,Delaware State,SO,25,6.928685379
53196,Mosa,Aboeid,Delaware State,JR,23,6.936529572
105717,Mugo,Waweru,Delaware State,FR,18,6.95372822
88710,Nathan,Donaldson,Delaware State,SO,6,6.992921152
72235,Dyson,Coley,Delaware State,JR,5,6.996332025
86764,Elijah,Brown,Delaware State,JR,-16,7.067375456
82914,Yonas,Sauers,Seattle U.,JR,70,6.776556922
106147,Jeremy,Posdon,Seattle U.,FR,55,6.827290964
63483,Khalid,Hirsi,Seattle U.,SO,54,6.830502133
38924,Lance,Mason,Seattle U.,SR,53,6.834316152
15662,Gus,Harquail,Seattle U.,JR,52,6.839871994
38927,Alex,Jensen,Seattle U.,JR,49,6.848739146
106152,Porter,Buck,Seattle U.,FR,46,6.85748043
106153,Seku,Sanders,Seattle U.,FR,46,6.858208424
82949,Aidan,Loeffleman,Seattle U.,SO,44,6.863915575
82930,Daniel,Barreto,Seattle U.,SO,40,6.87794529
63478,Parker,Wagnild,Seattle U.,JR,39,6.882124947
49894,Matthew,Holme,Seattle U.,JR,37,6.888255712
106156,Dylan,Irey,Seattle U.,FR,35,6.897398005
82958,Diego,Razo-Castaneda,Seattle U.,SO,28,6.918291127
77101,Edward,Tristine-Jr.,Sacred Heart,JR,57,6.821936339
77113,Michael,Mason,Sacred Heart,SO,55,6.828770846
69448,Matthew,Vene,Sacred Heart,JR,53,6.834731597
69451,Giovanni,Prestipino,Sacred Heart,JR,51,6.840604482
98793,Demetri,Franzese,Sacred Heart,FR,47,6.856050113
69454,Owen,Delisle,Sacred Heart,JR,43,6.867769281
98797,Anthony,Esposito,Sacred Heart,FR,42,6.872592435
98795,Harjaap,Singh,Sacred Heart,FR,41,6.876018889
77112,Nicholas,Barbaro,Sacred Heart,SO,39,6.883629158
69469,Patrick,Curreri,Sacred Heart,JR,37,6.888116598
98804,Colin,Trolio,Sacred Heart,FR,37,6.889745503
98799,Patrick,Devine,Sacred Heart,FR,36,6.892930063
44680,Jordan,Leon,Sacred Heart,SR,36,6.893214025
44683,James,Moore,Sacred Heart,SR,31,6.908959464
77122,David,Parenteau,Sacred Heart,FR,30,6.912696422
108595,James,Barnacle,Sacred Heart,SO,28,6.9194319
77137,Declan,Toland,Sacred Heart,SO,27,6.923288988
44685,Daniel,Rodriguez,Sacred Heart,SR,27,6.92370713
30613,Kevin,Martin,Sacred Heart,JR,27,6.924237399
98808,Steven,Theodoropoulos,Sacred Heart,FR,23,6.937385452
98810,Brian,Arthur,Sacred Heart,FR,22,6.938714179
98806,Brady,Sweeney,Sacred Heart,FR,22,6.939158839
98807,Stephen,Boettcher,Sacred Heart,FR,22,6.940485492
98805,Rowan,O'Brien,Sacred Heart,FR,21,6.941749748
77135,Aaron,Sullivan,Sacred Heart,FR,21,6.943166866
98809,Shaan,Matharu,Sacred Heart,FR,17,6.95667399
69468,Christian,Selverian,Sacred Heart,JR,16,6.959820419
98811,Jack,Cote,Sacred Heart,SO,15,6.964369738
105114,Andy,Cuahuizo-Mendez,Sacred Heart,FR,9,6.984248182
77138,Brendan,Lyles,Sacred Heart,SO,8,6.987653805
109389,Owen,Parker,Sacred Heart,SO,7,6.990041617
69462,Alexander,Rosario,Sacred Heart,SO,-3,7.022193176
44681,Lance,Hayes,Sacred Heart,SR,-7,7.035776335
30641,Cody,Davis,Sacred Heart,JR,-11,7.049367254
98812,Matthew,Zambrio,Sacred Heart,FR,-28,7.106796111
90658,Andrew,McMillen,Sacred Heart,SO,-33,7.125427499
97074,Dylan,Ellis,Murray State,FR,56,6.826546061
14407,Jarod,Willis,Murray State,SR,55,6.829544445
80571,Gabe,Russell,Murray State,SO,52,6.839129896
72340,Daniel,Schalk,Murray State,JR,45,6.863084762
14389,Nathan,Quinn,Murray State,SR,43,6.868148354
72343,Ben,Crask,Murray State,SO,38,6.884745576
97071,Nick,Schmitz,Murray State,FR,38,6.886395702
80593,Kellen,Hottell,Murray State,SO,38,6.886433001
72342,Jackson,Custer,Murray State,SO,38,6.886719065
72337,Joey,Santoro,Murray State,JR,30,6.913029615
79808,Keith,Warner,Troy,SO,60,6.811458656
79818,Caden,Blackman,Troy,SO,51,6.84222022
95951,Riley,Treadaway,Troy,FR,48,6.852982449
95967,Patterson,Graham,Troy,FR,46,6.859305819
95957,Lane,Watson,Troy,FR,45,6.862748667
79827,Zane,McPeters,Troy,SO,36,6.892677537
90730,Gavan,Baxley,Troy,SO,35,6.896422706
79821,Caleb,Locklin,Troy,SO,35,6.897101403
79815,Samuel,Megginson,Troy,SO,34,6.900277637
79837,Garrett,Bishop,Troy,FR,28,6.919819961
95976,Bennett,Phillips,Troy,FR,28,6.920673525
72600,Alexander,Bendig,Troy,JR,23,6.937634338
65175,Andrew,Bradshaw,Troy,JR,17,6.956017504
79856,Logan,Stewart,Troy,SO,8,6.986153994
69533,Ryan,Lindley,Fairfield,JR,53,6.833425374
94776,Gabriel,Montoya,Fairfield,FR,53,6.834183722
94772,George,Hohenleitner,Fairfield,FR,48,6.850265236
77120,Olli,Muniz,Fairfield,SO,47,6.854539294
94774,Bryce,Robinson,Fairfield,FR,44,6.864992856
69536,Alex,Petersen,Fairfield,SO,40,6.878338093
94785,Charlie,Tessier,Fairfield,FR,40,6.879294712
77128,Chase,Orciuch,Fairfield,SO,38,6.886593035
74333,Jack,Putnam,Fairfield,JR,38,6.887004058
77125,Colin,Shand,Fairfield,SO,37,6.889001657
77123,Kenny,Power,Fairfield,FR,37,6.889947199
69534,Nevan,Kelley,Fairfield,SO,32,6.907108489
80980,Alexander,Walker,San Jose St.,SO,54,6.830567466
96959,Will,Bujake,San Jose St.,SO,54,6.831736817
60187,Michael,Chadwick,San Jose St.,SR,51,6.841333912
74224,Christopher,Malone,San Jose St.,JR,50,6.844878145
96965,Diego,Cortes,San Jose St.,FR,45,6.86264993
80992,Ken,Belt,San Jose St.,FR,40,6.879816391
96973,Adrian,Gomez,San Jose St.,FR,38,6.885393948
96978,Alex,Mendoza,San Jose St.,FR,31,6.909033868
80998,Cristian,Lopez,San Jose St.,SO,31,6.909375887
81001,Hudson,Sauder,San Jose St.,SO,21,6.943950577
110032,Nathan,Lau,San Jose St.,SO,17,6.957661646
81002,Jayson,Martin,San Jose St.,JR,7,6.990925415
80980,Alexander,Walker,San Jose St.,SO,54,6.830567466
96959,Will,Bujake,San Jose St.,SO,54,6.831736817
60187,Michael,Chadwick,San Jose St.,SR,51,6.841333912
74224,Christopher,Malone,San Jose St.,JR,50,6.844878145
96965,Diego,Cortes,San Jose St.,FR,45,6.86264993
80992,Ken,Belt,San Jose St.,FR,40,6.879816391
96973,Adrian,Gomez,San Jose St.,FR,38,6.885393948
96978,Alex,Mendoza,San Jose St.,FR,31,6.909033868
80998,Cristian,Lopez,San Jose St.,SO,31,6.909375887
81001,Hudson,Sauder,San Jose St.,SO,21,6.943950577
110032,Nathan,Lau,San Jose St.,SO,17,6.957661646
81002,Jayson,Martin,San Jose St.,JR,7,6.990925415
78849,Wendesen,King,Howard,RS,66,6.792295989
97523,Eyob,Gill,Howard,FR,57,6.821077654
97524,Habtamu,Epley,Howard,FR,52,6.838149101
97528,William,Shepherd,Howard,FR,52,6.839901384
109796,Adam,Abiade,Howard,FR,40,6.87816685
97532,Adams,Odhiambo,Howard,FR,40,6.880286386
97533,Paul,Robinson,Howard,FR,38,6.886950106
78860,Jayden,Keels,Howard,FR,37,6.889355886
91358,Jordan,Good,Howard,SO,16,6.960487265
65443,Robert,Golden,Howard,SO,15,6.96212588
87732,wren,marsh,Howard,SO,1,7.011672651
47531,Kaleb,Berry,Howard,SR,-4,7.02615696
78869,Kobe,Hutson,Howard,JR,-53,7.191428494
78849,Wendesen,King,Howard,RS,66,6.792295989
97523,Eyob,Gill,Howard,FR,57,6.821077654
97524,Habtamu,Epley,Howard,FR,52,6.838149101
97528,William,Shepherd,Howard,FR,52,6.839901384
109796,Adam,Abiade,Howard,FR,40,6.87816685
97532,Adams,Odhiambo,Howard,FR,40,6.880286386
97533,Paul,Robinson,Howard,FR,38,6.886950106
78860,Jayden,Keels,Howard,FR,37,6.889355886
91358,Jordan,Good,Howard,SO,16,6.960487265
65443,Robert,Golden,Howard,SO,15,6.96212588
87732,wren,marsh,Howard,SO,1,7.011672651
47531,Kaleb,Berry,Howard,SR,-4,7.02615696
78869,Kobe,Hutson,Howard,JR,-53,7.191428494
87869,Mitchel,Drees,Col. of Charleston,FR,56,6.823341705
87876,Robert,DiMedio,Col. of Charleston,SO,51,6.842566961
87880,Roger,Brown,Col. of Charleston,SO,48,6.851598028
32775,Jackson,Reid,Col. of Charleston,SR,47,6.853649373
97783,Justin,Bevacqua,Col. of Charleston,FR,47,6.856583058
45335,Dylan,McTigue,Col. of Charleston,SR,46,6.859421679
104527,Andrew,Catapano,Col. of Charleston,FR,45,6.863039683
97789,Finn,Myatt,Col. of Charleston,FR,45,6.863330462
97788,Evan,Mitchell,Col. of Charleston,SO,44,6.865055848
87875,Benjamin,Ashmore,Col. of Charleston,SO,44,6.865462098
97791,Connor,Forche,Col. of Charleston,FR,43,6.867932619
32774,Hammer,Blair,Col. of Charleston,JR,42,6.872931467
64483,Tucker,Green,Col. of Charleston,JR,41,6.874952245
97786,Nathan,Hallar,Col. of Charleston,SO,38,6.887144364
45341,Joshua,Keifer,Col. of Charleston,SR,36,6.893391798
87878,Andrew,Fielding,Col. of Charleston,SO,30,6.911190582
75065,Joshua,Silverman,Col. of Charleston,SO,28,6.919547821
87869,Mitchel,Drees,Col. of Charleston,FR,56,6.823341705
87876,Robert,DiMedio,Col. of Charleston,SO,51,6.842566961
87880,Roger,Brown,Col. of Charleston,SO,48,6.851598028
32775,Jackson,Reid,Col. of Charleston,SR,47,6.853649373
97783,Justin,Bevacqua,Col. of Charleston,FR,47,6.856583058
45335,Dylan,McTigue,Col. of Charleston,SR,46,6.859421679
104527,Andrew,Catapano,Col. of Charleston,FR,45,6.863039683
97789,Finn,Myatt,Col. of Charleston,FR,45,6.863330462
97788,Evan,Mitchell,Col. of Charleston,SO,44,6.865055848
87875,Benjamin,Ashmore,Col. of Charleston,SO,44,6.865462098
97791,Connor,Forche,Col. of Charleston,FR,43,6.867932619
32774,Hammer,Blair,Col. of Charleston,JR,42,6.872931467
64483,Tucker,Green,Col. of Charleston,JR,41,6.874952245
97786,Nathan,Hallar,Col. of Charleston,SO,38,6.887144364
45341,Joshua,Keifer,Col. of Charleston,SR,36,6.893391798
87878,Andrew,Fielding,Col. of Charleston,SO,30,6.911190582
75065,Joshua,Silverman,Col. of Charleston,SO,28,6.919547821
88549,Zach,Mickler,Jacksonville,SO,54,6.832093821
58088,Thomas,Hellenbrand,Jacksonville,SR,53,6.835740727
88550,Jack,Bolan,Jacksonville,JR,50,6.846207333
66555,Victor,Farfan,Jacksonville,JR,47,6.854270778
88941,Zach,Earley,Jacksonville,SO,45,6.862655629
95899,Ryan,Miller,Jacksonville,FR,42,6.872607555
66564,Donald,Dempsey,Jacksonville,JR,40,6.879750258
88552,Noah,Shedden,Jacksonville,SO,38,6.886297953
88551,Geovanni,Calderon,Jacksonville,SO,35,6.896639597
88947,Aiden,Locantora,Jacksonville,SO,33,6.902399752
90739,Reese,Arnold,Jacksonville,FR,29,6.917354645
95905,Diego,Corchado,Jacksonville,SO,27,6.92271809
95904,Zander,Kochen,Jacksonville,FR,26,6.925453063
66575,Jovan,Figueroa,Jacksonville,JR,25,6.929181598
88954,Ashton,Sarrion,Jacksonville,SO,24,6.93134198
95907,Caleb,Brigman,Jacksonville,FR,22,6.937971399
66572,Lewis,Perry,Jacksonville,FR,15,6.963244602
66578,Ryan,Dannelly,Jacksonville,JR,10,6.978838326
53220,Douglas,Kukura,Jacksonville,JR,4,7.000903643
53223,Quincy,Foster,Jacksonville,SO,-5,7.031587532
90742,Giuliano,Guttadauro,Jacksonville,JR,-13,7.057950362
53691,Anthony,Dvorsky,NJIT,RS,62,6.805179778
64554,William,Mitchell,NJIT,JR,59,6.815530965
92006,Daniel,Wilson,NJIT,SO,49,6.849696661
64756,Fabian,Herrera,NJIT,JR,48,6.852174926
86652,Ethan,Kalajian,NJIT,FR,43,6.869128048
69540,Austin,Essel,NJIT,SO,42,6.872472062
64758,William,Prevost,NJIT,SO,41,6.876855795
109134,Liam,Dougherty,NJIT,FR,40,6.8784841
53694,Joey,Mucci,NJIT,SR,40,6.879854387
88836,Younes,Abada,NJIT,SO,31,6.909211211
91418,Albin,Mullan,NJIT,FR,27,6.923451249
109135,James,Estafanous,NJIT,SO,-14,7.061624422
79060,Sam,Henery,Florida Atlantic,SR,51,6.841181145
79051,Paul,Glick,Florida Atlantic,JR,49,6.847410179
97588,Donovan,Petty,Florida Atlantic,FR,45,6.86037141
97587,Noah,Curfman,Florida Atlantic,FR,44,6.866514696
97590,Joseph,Garcia,Florida Atlantic,SO,44,6.866610956
79065,Luke,Gaudet,Florida Atlantic,FR,41,6.874239968
63582,Logan,Sallas,Florida Atlantic,SO,41,6.875804985
79069,Enrique,Toro,Florida Atlantic,SO,35,6.895280981
104632,Jake,Jacoby,Florida Atlantic,FR,32,6.906056654
97600,Maxum,Kornilov,Florida Atlantic,FR,29,6.916514742
74504,Noah,MacGregor,Florida Atlantic,FR,23,6.935636597
79093,William,Nuneville,Florida Atlantic,FR,-4,7.028872893
74925,Luis,Abreu,FDU,JR,52,6.837889172
94710,Kidus,Zeleke,FDU,FR,50,6.846567314
77781,Trevor,Ehrlicher,FDU,SO,46,6.857732363
94707,Chase,Lopez,FDU,FR,44,6.864875632
77784,Brandon,Barreto,FDU,SO,40,6.879790437
77789,Terry,Scott,FDU,FR,37,6.887360116
77782,Dylan,Hoernlein,FDU,FR,32,6.904850218
77790,Ekuyami,Conteh,FDU,SO,26,6.92774527
94711,Jack,Treacher,FDU,SO,22,6.940128432
88835,Landon,Truesdale,FDU,SO,18,6.953347256
94712,Liam,Schwabik,FDU,FR,10,6.979871247
10197,Juanathan,Reyes,Fresno State,JR,61,6.809672177
61831,Christian,Santana,Fresno State,SR,48,6.850438063
80987,Emilio,Nunez,Fresno State,SO,47,6.854296296
96966,Guillermo,Lopez,Fresno State,JR,47,6.855347517
107050,Noah,Graffigna,Fresno State,FR,47,6.856249355
107053,Marcus,Jauregui,Fresno State,JR,40,6.878407411
80996,Elijah,Williams,Fresno State,SO,39,6.881025611
96975,Enrique,Loredo,Fresno State,FR,35,6.894919298
96976,Jaden,Tungate,Fresno State,FR,34,6.899402722
96977,Richard,Estrada,Fresno State,FR,27,6.923332532
81000,Yu,Chen-Yong,Fresno State,JR,18,6.953771121
61833,Corey,Ford,Fresno State,SO,17,6.955268758
98784,Alex,Saldana,Quinnipiac,FR,59,6.816082031
98794,Slater,Von-Stetten,Quinnipiac,FR,50,6.845727957
44667,Andrew,Woodbine,Quinnipiac,SR,43,6.867229107
98800,Alessandro,Tullo-Alvarez,Quinnipiac,FR,39,6.881108745
98798,Jackson,Sennhenn,Quinnipiac,FR,39,6.883585984
98801,Michael,Dorunda,Quinnipiac,FR,38,6.886341303
76688,Michael,Strain,Quinnipiac,SO,36,6.893053996
44670,Keegan,Metcalfe,Quinnipiac,SR,32,6.905317389
98803,Scott,Canney,Quinnipiac,FR,31,6.908659516
74332,Benjamin,Schwab,Quinnipiac,SO,25,6.927886536
105113,KaHo,Wong,Quinnipiac,SR,23,6.937544902
44678,Ohm,Patel,Quinnipiac,SR,15,6.961633019
42744,Walter,Coleman,San Diego,JR,68,6.784108978
78903,Anthony,Lenzini,San Diego,SO,54,6.830552574
78904,Jack,Devries,San Diego,SO,38,6.885072613
63078,Sean,O'Keefe,San Diego,JR,34,6.897970324
94585,Connor,Cougevan,San Diego,FR,31,6.910186424
94592,Will,Gratke,San Diego,SO,23,6.93697744
63083,Hudson,Rowan,San Diego,SR,22,6.939723622
94580,Michael,Ivory,San Diego,FR,22,6.940101013
82328,Kylan,Willis,N. Carolina A&T,SR,62,6.803635961
72946,Abdiselam,Green,N. Carolina A&T,JR,50,6.846505749
47886,Jalen,Chin,N. Carolina A&T,SR,46,6.857771213
72945,Dawson,Grogan,N. Carolina A&T,JR,38,6.885519465
95674,Abishek,Pradhan,N. Carolina A&T,FR,38,6.886696498
82356,Kaleb,Conway,N. Carolina A&T,SO,29,6.914949796
82366,Kamren,Kennedy,N. Carolina A&T,FR,24,6.93436813
95675,Glenn,Stile,N. Carolina A&T,FR,20,6.946902816
95676,Eddie,Hall,N. Carolina A&T,SO,4,7.001602506
101432,Mamadu,Tchamo,N. Carolina A&T,JR,3,7.005131129
65004,Hudson,Hayes,Campbell,JR,52,6.839130424
82345,Andrew,Barrett,Campbell,SO,47,6.855746101
101327,Brett,Walston,Campbell,FR,43,6.867361604
82343,Logan,Ades,Campbell,RS,43,6.868160955
101326,Craig,Costa,Campbell,FR,43,6.870114923
82352,Jake,Stanley,Campbell,RS,40,6.87947513
87879,William,Sanchez,Campbell,SO,40,6.880526124
82358,Peter,Fiorillo,Campbell,FR,36,6.894020747
82361,Parker,Key,Campbell,JR,35,6.897114678
82362,Spencer,Thompson,Campbell,SO,33,6.901585251
82355,Jorge,Becerra,Campbell,JR,26,6.926786328
82365,Jonathan,Valdez,Campbell,FR,22,6.939315018
101329,Elias,Morris,Campbell,FR,21,6.94333881
82360,Nicolas,Valadez,Campbell,SO,19,6.951060133
82370,Derek,Kopanski,Campbell,FR,5,6.996815321
82371,Alexander,Turner,Campbell,FR,2,7.007003562
82373,Robert,Wetherholt,Campbell,SO,-6,7.033158137
87881,William,Peterson,Campbell,FR,-33,7.125979797
49100,Shane,Curran,Saint Francis,SR,53,6.8362287
81263,Aaron,Tressler,Saint Francis,SO,47,6.854551904
70538,Joseph,Piccirillo,Saint Francis,JR,46,6.860097582
49111,Daniel,Kelly,Saint Francis,SR,39,6.881436051
49115,Andrew,McGee,Saint Francis,SR,39,6.883616694
81272,Wyatt,Foster,Saint Francis,SO,34,6.899383244
94317,Collin,Dreese,Saint Francis,FR,32,6.907207467
70540,Jude,Martyak,Saint Francis,JR,31,6.908589428
52729,Ethan,Shuagis,Saint Francis,SR,30,6.913618082
49072,Brady,Reese,Saint Francis,JR,28,6.920043601
70535,Thomas,Presnar,Saint Francis,JR,22,6.939215388
94322,Michelangelo,Piccirillo,Saint Francis,FR,22,6.939910884
49112,John,"Flynn,-Jr",Saint Francis,SR,21,6.941307917
66036,Chase,Brenneman,Saint Francis,JR,20,6.94702399
94324,Izaac,Erwin,Saint Francis,FR,20,6.94704014
94326,Cael,Konek,Saint Francis,FR,19,6.948920774
94325,Angelo,Lobsinger,Saint Francis,FR,5,6.998224144
109172,Toby,Cree,Saint Francis,FR,-19,7.077224177
90268,Brandon,Adolphus,Texas Southern,SR,52,6.840036903
105844,Manuel,Garza,Texas Southern,FR,51,6.843103372
86110,Jeremiah,Barrera,Texas Southern,SO,44,6.867018668
65300,David,Livingston,Texas Southern,RS,40,6.880265499
105846,Gael,Flores,Texas Southern,FR,39,6.883211964
54661,Brandon,Washington,Texas Southern,SR,36,6.89163521
12175,Dan,Lerma,Texas Southern,JR,35,6.894085387
86121,Roberto,Rodriguez,Texas Southern,SO,34,6.899476601
105848,Bruce,Prince,Texas Southern,FR,28,6.918975417
64112,Abraham,Morales,Ut-Rio Grande Valley,JR,57,6.822078486
49619,Alex,Canales,Ut-Rio Grande Valley,JR,52,6.837724315
84216,Kevin,Cardenas,Ut-Rio Grande Valley,FR,51,6.840750119
84214,Manuel,Flores,Ut-Rio Grande Valley,FR,50,6.846320335
84224,Mario,Cantarero,Ut-Rio Grande Valley,SO,45,6.860471272
96896,Mario,Guzman,Ut-Rio Grande Valley,FR,36,6.892800958
96897,Ethan,De-Leon,Ut-Rio Grande Valley,FR,30,6.911274408
96895,Eric,Davis,Ut-Rio Grande Valley,FR,30,6.912141717
84221,Diego,De-Leon,Ut-Rio Grande Valley,FR,28,6.920962522
49477,Ethan,Senti,Southern Illinois,JR,77,6.753303758
49476,Dawson,Smith,Southern Illinois,JR,74,6.765189936
80563,Josh,Allison,Southern Illinois,FR,66,6.791184749
65718,Weston,Jokerst,Southern Illinois,JR,62,6.80456385
80564,Jonah,Allison,Southern Illinois,FR,60,6.811812223
49480,Uriah,Guthrie,Southern Illinois,SR,58,6.818199671
97070,Ben,Chance,Southern Illinois,FR,55,6.827659852
49493,Vincent,Van-Eck,Southern Illinois,SR,54,6.831307978
97069,Will,Foltz,Southern Illinois,FR,52,6.839584698
80581,Sean,Taylor,Southern Illinois,FR,43,6.868056164
106647,Ben,Morgan,Southern Illinois,SR,-16,7.068099871
49488,Josh,Delgado,Southern Illinois,SR,-20,7.082715803
55820,Riley,Brutvan,Hartford,SR,52,6.839187552
102574,Owen,Klein,Hartford,FR,46,6.859716306
86897,Keller,Casey,Hartford,SO,38,6.885964959
86898,Trae,McIntryre,Hartford,SO,34,6.89794821
60385,Jovan,Joseph,Hartford,SR,31,6.909165759
102583,Daren,Johnson,Hartford,FR,30,6.9124119
102582,Nickolas,Brisson,Hartford,FR,26,6.9244663
69453,Gulian,Marconi,Hartford,JR,26,6.92504552
86904,Stephen,Haney,Hartford,SO,25,6.928880495
62288,Mathias,Nevin,Hartford,JR,22,6.938753618
102585,Ethan,Fiorenza,Hartford,FR,20,6.944859377
110229,Christopher,Regalbuti,Hartford,FR,20,6.94691474
86899,Peter,Efinger,Hartford,JR,19,6.949633582
86906,Jordan,Spector,Hartford,JR,17,6.954828852
86905,Jackson,Sigda,Hartford,SO,16,6.959927352
62289,Parker,Main,Hartford,SR,15,6.963717738
69466,Steven,Confesor-Chable,Hartford,JR,11,6.978224713
102591,Lionell,Jean,Hartford,SO,4,7.000940838
86907,John,Kelly,Hartford,SO,-1,7.017825081
110231,Aidan,Cullinan,Hartford,FR,-5,7.029338366
43213,Lucas,Futey,Nicholls State,SR,54,6.830933019
96415,Brady,Sins,Nicholls State,FR,39,6.881309633
47079,Goran,Duijsters,Nicholls State,SR,37,6.889653895
82071,Avery,Morgan,Nicholls State,FR,35,6.896705258
63972,Ty,Frazier,Nicholls State,SO,34,6.900428036
82079,William,Nizzo,Nicholls State,SO,33,6.901998418
63978,Chase,Walker,Nicholls State,JR,32,6.906210796
64000,Thomas,Saunders,Nicholls State,SO,26,6.926106341
63984,William,Bellina,Nicholls State,JR,26,6.926288532
96424,Caleb,Williams,Nicholls State,FR,24,6.931616151
82080,Alex,Hartline,Nicholls State,SO,20,6.945882107
96429,Adam,Gautreaux,Nicholls State,SO,12,6.973206487
36462,Dustin,Wager,Nicholls State,JR,3,7.004084349
36464,Wesley,O'Neal,Nicholls State,SR,2,7.007849899
47253,Jake,Fabacher,Nicholls State,JR,-1,7.016931014
96430,Cesar,Gonzalez,Nicholls State,FR,-12,7.055233177
71498,Patrick,Alleman,Nicholls State,SO,-14,7.059720007
82086,Nick,Coonan-Bailey,Nicholls State,FR,-38,7.141108233
82087,Kamren,Washington,Nicholls State,FR,-39,7.14501302
82089,Anthony,Landry,Nicholls State,SO,-79,7.281073845
65003,Nash,Mills,UNCW,JR,50,6.844910275
65000,Taylor,Anthony,UNCW,JR,45,6.863200331
64998,Sam,Bland,UNCW,JR,43,6.870232518
101328,Nicholas,Potter,UNCW,SO,41,6.876874501
65005,Jack,Gidley,UNCW,SO,35,6.894976024
82334,Griffin,Wald,UNCW,SO,35,6.896046033
82344,Josh,Ashley,UNCW,SO,33,6.903737771
65006,Blake,Leary,UNCW,SO,27,6.92407051
65009,Mario,Delgado,UNCW,SO,21,6.944033393
47903,Owen,Marish,UNCW,SR,19,6.951254662
101330,Robert,Wade,UNCW,FR,5,6.995182663
101331,Andrew,Herring,UNCW,FR,-20,7.080324991
78022,Thierry,Garcon,Prairie View,SO,53,6.836132322
78026,Noah,Green,Prairie View,SO,53,6.836276584
54665,Javier,Gallegos,Prairie View,SR,40,6.878603252
78032,Kejun,Wilson,Prairie View,SO,32,6.906237717
1080,Jarrell,Reynolds,Prairie View,SR,32,6.906553124
97406,Sebastian,Cruz,Prairie View,FR,21,6.943053955
78043,Jaiden,Johnson,Prairie View,SO,4,7.001594625
88706,Perry,Bennett,Morgan State,SR,56,6.825771382
97687,Caleb,Mincey,Morgan State,FR,40,6.879744169
61620,Davian,Gray,Morgan State,SR,38,6.884087723
43804,Jackson,Waller,Morgan State,JR,37,6.890624362
97690,Rushshane,Fullerton,Morgan State,SR,27,6.921874474
97686,Samuel,Skinner,Morgan State,FR,27,6.922237795
43808,Devion,Bryant,Morgan State,JR,20,6.945766885
90729,Abdur-rahman,Abdul-kareem,Morgan State,FR,-2,7.019015581
88713,Dante,Jackson,Morgan State,SO,-47,7.171590244
88715,Antonio,Sims,Morgan State,SO,-84,7.295288902
64477,Owen,Sharnas,Citadel,SO,52,6.836969158
97785,Carson,Diggs,Citadel,FR,42,6.871212833
64485,Jack,Kornfeind,Citadel,JR,36,6.893067463
31540,Alex,Wulfhorst,Citadel,JR,36,6.893640681
64481,Aidan,O'Donnell,Citadel,SO,32,6.9062467
97792,Bobby,Gibson,Citadel,FR,30,6.913068335
87128,Wyatt,Carey,Citadel,SO,29,6.915447173
64484,Liam,O'Donnell,Citadel,SO,29,6.91721684
45339,Jared,Campbell,Citadel,SR,29,6.917495846
97794,Tyler,Caron,Citadel,FR,27,6.922263857
87129,Ben,Fancher,Citadel,SO,26,6.925079737
64488,Brett,Cobb,Citadel,JR,17,6.955737629
64486,Sutter,Guttery,Citadel,JR,11,6.976042719
97796,Henry,Kelbaugh,Citadel,FR,2,7.005845773
66548,Jared,Falchook,FIU,RS,56,6.824535523
79062,Jeshua,Osorio,FIU,SO,42,6.873258302
79063,Ryan,Jones,FIU,SO,39,6.882023714
97595,Brad,Malick-Beltran,FIU,FR,37,6.888019234
63576,Dennis,Moreno,FIU,JR,37,6.888764143
63581,Joshua,Webster,FIU,RS,34,6.900268512
79072,Joseph,Coyle,FIU,FR,29,6.916297676
97597,Micah,Neese,FIU,FR,26,6.925007482
87271,Jonathan,Reyes,FIU,SR,26,6.926554802
97603,Royce,Eggert,FIU,SO,16,6.960920891
95892,Victor,Kibet,Bethune-Cookman,FR,62,6.804348935
95902,Dashon,Gill,Bethune-Cookman,FR,33,6.901009203
104636,Majet,Bethely,Bethune-Cookman,FR,29,6.914381951
90740,Duane,Lee,Bethune-Cookman,SO,29,6.916597244
50461,Malcolm,Brown,Bethune-Cookman,JR,25,6.930183848
107580,Ryan,Longmire,Bethune-Cookman,JR,21,6.943989459
95906,Gerrard,Griffin,Bethune-Cookman,FR,20,6.946550062
95908,Jalen,Jackson,Bethune-Cookman,FR,10,6.980537115
63583,Da'Quon,King,Bethune-Cookman,SO,7,6.98959091
70773,Ja'Quan,King,Bethune-Cookman,SO,2,7.006471777
104637,Cristian,Mitchell,Bethune-Cookman,FR,1,7.008710404
95910,Kameron,Davis,Bethune-Cookman,FR,0,7.013959276
107584,Israel,Kelly,Bethune-Cookman,FR,-7,7.037511236
95911,Dashawn,Buist,Bethune-Cookman,FR,-9,7.043940255
107585,Marcus,Delcy,Bethune-Cookman,FR,-12,7.053646247
79097,Isaiah,Davis,Bethune-Cookman,JR,-23,7.091749104
79107,Damaris,Robinson,Bethune-Cookman,FR,-29,7.110887737
79108,Jonathan,Gaines,Bethune-Cookman,JR,-35,7.130135078
105730,Mohammed,Al-YaFee,Hampton,JR,49,6.850078615
92960,Khalid,Hamid,Hampton,SO,47,6.853671146
105734,Nellie,Ambriton,Hampton,FR,34,6.898567144
87543,Leo,Davis,Hampton,FR,27,6.92316781
107249,Daniel,Danner,Hampton,FR,23,6.93564119
107251,Ibrahim,Abdalla,Hampton,FR,19,6.949989838
55965,Dugion,Blackman,Hampton,JR,16,6.958115793
55966,Rushshane,Fullerton,Hampton,JR,15,6.964476026
72433,Tyson,Satterwhite,Hampton,SO,-10,7.04676528
72435,Korede,Otusaio,Hampton,SO,-10,7.047971638
108843,Xavier,Jemison,Hampton,SO,-22,7.086588933
80073,Jackson,Fowler,Austin Peay,SO,46,6.85960147
80074,Jacob,Schweigardt,Austin Peay,SO,37,6.888431655
88553,Ryan,Coley,Austin Peay,FR,34,6.89993339
72602,Lucas,Bales,Austin Peay,JR,34,6.8999436
108485,Jacob,Bormet,Austin Peay,JR,30,6.913195062
80075,Jake,Strader,Austin Peay,SO,27,6.922481019
96759,William,Keefer,Austin Peay,FR,23,6.935362416
104506,Richard,Lebron,Austin Peay,JR,19,6.948935147
88555,Owen,Ayers,Austin Peay,FR,17,6.95591181
104507,Christian,Pastrana,Austin Peay,SR,5,6.997937337
103331,Eric,Brannon,Alabama A&M,JR,41,6.874024045
103333,Zachary,Cooper,Alabama A&M,SO,36,6.892883581
104502,Juan,Osorio,Alabama A&M,JR,35,6.89716642
103336,Xavier,Turner,Alabama A&M,SO,27,6.921835593
110069,Bravin,Kibitok,Alabama A&M,FR,23,6.935454164
103337,Caleb,Roberts,Alabama A&M,FR,21,6.942125229
103339,Nathaniel,Spears,Alabama A&M,FR,11,6.975147354
105845,Landon,Byrd,Louisiana Tech,FR,44,6.865683821
90627,Dillon,Moree,Louisiana Tech,SO,33,6.902841439
89061,Arie,Linton,Louisiana Tech,SO,30,6.911343069
89060,Jayce,Wimbish,Louisiana Tech,SO,28,6.918003053
89057,Trey,Smith,Louisiana Tech,SO,26,6.927439231
105847,Dillon,Sanchez,Louisiana Tech,FR,20,6.945283071
71311,Hayes,Gill,Louisiana Tech,JR,20,6.947714789
89063,Nathan,Theriot,Louisiana Tech,JR,17,6.955873361
89058,Evan,Taylor,Louisiana Tech,FR,12,6.974519291
89059,Micah,Pernetter,Louisiana Tech,JR,7,6.988946223
89062,Brayden,Prichard,Louisiana Tech,SO,4,7.00018344
86588,Nathan,Cremin,Gardner-Webb,SO,39,6.881148592
47899,Ryan,Morita,Gardner-Webb,SR,36,6.891803091
105642,Michael,Fletcher,Gardner-Webb,FR,28,6.920503189
86592,Kaden,Pratt,Gardner-Webb,SO,26,6.924817891
47906,Mark,Mellon,Gardner-Webb,SR,19,6.948966373
105644,Gabe,Morrison,Gardner-Webb,FR,18,6.954624023
86591,Austin,DeGeorge,Gardner-Webb,SO,11,6.976934794
105645,Cade,Bright,Gardner-Webb,FR,5,6.996545255
61206,John,Marsh,Gardner-Webb,JR,-29,7.111461031
105648,Luke,York,Gardner-Webb,FR,-40,7.147442161
104571,Kelvin,Kipkemboi,Southern,JR,48,6.851985866
89839,Marciano,Taylor,Southern,SR,29,6.916605652
64960,Bryce,Campbell,Southern,JR,24,6.931189635
64967,Christian,Phillips,Southern,JR,24,6.932254783
60347,Ta'Cardrick,Alexander,Southern,SR,21,6.941711557
82077,Cameron,Stepter,Southern,SO,20,6.946030323
47275,Rushane,Miller,Southern,SR,5,6.995718834
82085,Darrell,Lacour,Southern,SO,2,7.007247371
71499,Christopher,Hughes,Southern,JR,0,7.014599536
104573,Joesph,Harris,Southern,FR,-26,7.100937917
82088,Tommy,Thomas,Southern,FR,-45,7.165258029
104571,Kelvin,Kipkemboi,Southern,JR,48,6.851985866
89839,Marciano,Taylor,Southern,SR,29,6.916605652
64960,Bryce,Campbell,Southern,JR,24,6.931189635
64967,Christian,Phillips,Southern,JR,24,6.932254783
60347,Ta'Cardrick,Alexander,Southern,SR,21,6.941711557
82077,Cameron,Stepter,Southern,SO,20,6.946030323
47275,Rushane,Miller,Southern,SR,5,6.995718834
82085,Darrell,Lacour,Southern,SO,2,7.007247371
71499,Christopher,Hughes,Southern,JR,0,7.014599536
104573,Joesph,Harris,Southern,FR,-26,7.100937917
82088,Tommy,Thomas,Southern,FR,-45,7.165258029
103270,Andrew,Kiplagat,Jackson State,FR,49,6.849260716
51808,Jeremiah,Hudson,Jackson State,SR,39,6.881643848
84030,Ber`Narjay,Jackson,Jackson State,SR,21,6.941545122
109509,Fabian,Campbell,Jackson State,JR,20,6.947354392
47849,Caleb,Crutcher,Jackson State,SR,15,6.962780527
84037,Dominic,Turner,Jackson State,SO,1,7.008931117
84029,Derrick,Eskridge,Jackson State,SO,-10,7.046213561
109247,Samuel,Terrett,Jackson State,JR,-16,7.066378732
108524,Levy,Russell-III,Jackson State,FR,-22,7.086795966
86762,Jalen,Ridgeway,Maryland-Eastern Shore,SO,53,6.836150283
72230,Bryce,Ayers,Maryland-Eastern Shore,SR,35,6.894307366
86765,Destiny,Emuze,Maryland-Eastern Shore,SO,23,6.93546524
72233,David,Martin,Maryland-Eastern Shore,JR,14,6.967711908
86763,Favian,Gollop,Maryland-Eastern Shore,SO,5,6.995906739
109531,Oshioke,Isekenegbe,Maryland-Eastern Shore,FR,-6,7.033239652
94713,Mackel,Pierrilus,Maryland-Eastern Shore,JR,-80,7.282345823
53206,Adrian,Dula,Maryland-Eastern Shore,JR,-117,7.40918509
72238,Renaldo,Tull,Maryland-Eastern Shore,RS,-149,7.514969936
64530,Korbin,Shumate,Northwestern St.,SR,45,6.860536487
64523,John,Klein,Northwestern St.,SR,38,6.885999482
78229,Conner,Mackie,Northwestern St.,JR,31,6.909925464
78232,Brian,Norton,Northwestern St.,FR,23,6.935655508
97204,Owen,Rue,Northwestern St.,FR,21,6.9420276
97209,Kaden,Elliot,Northwestern St.,FR,18,6.952945611
97205,Landon,Loyd,Northwestern St.,FR,17,6.957827803
97211,Mason,Bayne,Northwestern St.,FR,10,6.97959583
78233,Robert,Norton,Northwestern St.,FR,8,6.987156648
97208,Benjamin,Brasseaux,Northwestern St.,FR,6,6.993008917
64535,Waylon,Wright,Northwestern St.,SO,-2,7.020526804
84463,Kelvin,Kipkemboi,Alcorn State,SO,58,6.819665211
89841,Alocius,Kipngetich,Alcorn State,SO,44,6.865889681
97206,Bryan,Alvarez,Alcorn State,JR,27,6.921466848
64964,Bethwel,Limo,Alcorn State,SR,20,6.945780789
84511,Terrell,White,Alcorn State,JR,15,6.963793923
97207,Kendrick,Matthews,Alcorn State,FR,8,6.985303203
97210,Corinthian,Walker,Alcorn State,FR,4,7.001180263
64981,Chemar,McGhee,Alcorn State,SO,-5,7.032136668
84531,Elijah,Moncure,Alcorn State,JR,-44,7.161313563
84463,Kelvin,Kipkemboi,Alcorn State,SO,58,6.819665211
89841,Alocius,Kipngetich,Alcorn State,SO,44,6.865889681
97206,Bryan,Alvarez,Alcorn State,JR,27,6.921466848
64964,Bethwel,Limo,Alcorn State,SR,20,6.945780789
84511,Terrell,White,Alcorn State,JR,15,6.963793923
97207,Kendrick,Matthews,Alcorn State,FR,8,6.985303203
97210,Corinthian,Walker,Alcorn State,FR,4,7.001180263
64981,Chemar,McGhee,Alcorn State,SO,-5,7.032136668
84531,Elijah,Moncure,Alcorn State,JR,-44,7.161313563
80583,Noah,Kaufman,Presbyterian,SO,32,6.905084381
73765,Kevin,Lagat,Presbyterian,SO,25,6.929351593
96758,David,Harner,Presbyterian,FR,23,6.936295321
96760,Jacob,Smith,Presbyterian,FR,22,6.941155344
63677,Spencer,Wieters,Presbyterian,SO,9,6.982257296
96761,Gavin,Guyton,Presbyterian,FR,9,6.983211705
63679,Samuel,Wall,Presbyterian,JR,1,7.010322873
90743,Jae,Bartlett,Presbyterian,FR,-9,7.043366627
80602,Nizeyimana,Aristide,Presbyterian,JR,-37,7.137707387
96762,Ethan,Trombly,Presbyterian,FR,-44,7.162627227
49360,James,Marler,Presbyterian,SR,-53,7.193560299
72339,Robert,Hooper,Tennessee St.,JR,55,6.827442231
108486,Devin,Jones,Tennessee St.,FR,11,6.977660609
91761,Kylen,Thorp,Tennessee St.,SO,2,7.007048651
72344,Sunny,Quinn,Tennessee St.,JR,1,7.011635205
80600,Chazz,Brown,Tennessee St.,JR,-5,7.030005586
101896,Zavier,Williams,Tennessee St.,FR,-6,7.034771351
80598,Fred,George,Tennessee St.,JR,-7,7.036977388
101895,Delton,White,Tennessee St.,FR,-8,7.04068865
72353,Fred,George-III,Tennessee St.,JR,-11,7.049638259
80601,Nigel,Simon,Tennessee St.,SO,-48,7.176573462
65144,Jon,Coulter,Alabama State,JR,44,6.865778334
65148,Amos,Beadle,Alabama State,SR,31,6.909039679
72608,Khabeeba,Mills,Alabama State,SR,3,7.004953198
109398,Rhamon,Dancy,Alabama State,FR,-1,7.017980026
79893,Demarco,Thompson,Alabama State,SO,-28,7.107557249
103291,Jesean,Majors,Alabama State,FR,-40,7.147870596
77612,Inertia,Mugethi,Arkansas-Pine Bluff,SO,40,6.87874436
53046,Terrance,Johnson,Arkansas-Pine Bluff,SR,37,6.888748401
53048,Ryan,Longmire,Arkansas-Pine Bluff,JR,24,6.931680535
53055,Genesis,Joseph,Arkansas-Pine Bluff,SR,19,6.948934707
56249,Che',Rochford,Arkansas-Pine Bluff,SR,-45,7.166482171
108459,Anson,Moses,Arkansas-Pine Bluff,JR,-47,7.17219056
104935,Mohamed,Soumare,Arkansas-Pine Bluff,JR,-57,7.204718575
104937,Christopher,Coleman,Arkansas-Pine Bluff,FR,-75,7.2671247
45334,Andrew,Latimer,South Carolina St.,SR,41,6.874937697
97795,Kameron,Sutton,South Carolina St.,FR,12,6.97492425
87130,Kenton,George,South Carolina St.,SO,11,6.975176414
87132,Isaiah,Campbell,South Carolina St.,SO,-6,7.033684747
87133,Jacob,Alexander,South Carolina St.,SO,-25,7.096863313
90963,Kemal,Forbes,South Carolina St.,SO,-29,7.111629583
109529,Andrew,Castro,South Carolina St.,FR,-39,7.143758591
64492,Jaden,Barker,South Carolina St.,SR,-40,7.148557205
90964,Jovan,Brooks,South Carolina St.,SO,-70,7.250963702
82490,Nicholas,Negru,Chicago State,FR,55,6.828354651
82513,Jovanni,Avila,Chicago State,FR,32,6.905279223
82511,Boris,Mojsa,Chicago State,SO,8,6.985109302
109879,Trevon,Prince,Chicago State,JR,-1,7.018198076
104596,Victor,Herrera,Chicago State,FR,-34,7.129146098
100562,Jaden,Laster,Chicago State,FR,-46,7.167131951
46697,Jakai,Smith,Chicago State,JR,-72,7.256457035
104598,Eric,Sanchez,Chicago State,FR,-73,7.260946059
106204,Skyler,Mcghee,Chicago State,FR,-76,7.2687941
100563,Kai,Sheridan,Chicago State,FR,-81,7.28728993
110537,matthew,brooks,Chicago State,FR,-82,7.288775111
104597,Danali,Sergiev,Chicago State,FR,-85,7.301507619
82519,Malachi,Spells,Chicago State,JR,-85,7.301579035
92551,Darius,Olloway,Chicago State,SO,-99,7.346642331
109045,corey,dickson,Chicago State,FR,-140,7.487188476
110298,Earnest,Davenport,Chicago State,FR,-216,7.741581071
95996,Al'zayeon,Harris,Mississippi Valley,FR,-14,7.059988899
103289,Geoffrey,McBurrows,Mississippi Valley,FR,-22,7.088283337
96020,Malachi,Finley,Mississippi Valley,FR,-37,7.137312482
84057,Demetrius,McMillion,Mississippi Valley,SO,-47,7.173203498
71292,Jordan,Robinson,Mississippi Valley,SO,-49,7.178153544
71294,Daniel,McDonald-Hylton,Mississippi Valley,SR,-49,7.179329723
96024,Tony,Rodriguez,Mississippi Valley,FR,-55,7.199361404
71286,Elijah,Johnson,Mississippi Valley,SO,-69,7.246604691
104511,Ezekial,Smoot,Mississippi Valley,FR,-72,7.255850655
103299,Morgan,Moss,Mississippi Valley,FR,-73,7.260233389
71287,Stephen,Banks,Mississippi Valley,SO,-76,7.271403229
96031,Alfred,O'Neil,Mississippi Valley,FR,-79,7.279135226
84038,Aidan,Starling,Grambling,SO,14,6.96577605
108646,Justin,Greenwood,Grambling,FR,-36,7.136675831
108645,Quincy,Chery,Grambling,JR,-41,7.15223923
84056,Amare,Gatewood-Peterson,Grambling,SO,-71,7.253786835
91908,Malachi,Johnson,Grambling,SO,-74,7.26356267
64987,Dante,Montaque,Grambling,JR,-88,7.310702199
108647,Nick,Bailey,Grambling,SO,-110,7.383164637
84058,Amhad,Cavalier,Grambling,SO,-143,7.494447384
60177,Adam,Trafecanty,Loyola Marymount,JR,82,6.737371243
42745,Daniel,Vaca,Loyola Marymount,JR,68,6.785784379
42763,William,Luders,Loyola Marymount,JR,62,6.806190662
60181,Matthew,Martinez,Loyola Marymount,JR,61,6.80742572
78894,Cy,Teruel,Loyola Marymount,FR,56,6.824962323
60183,Miles,Gillan,Loyola Marymount,JR,54,6.830301296
78896,Zach,Loiselle,Loyola Marymount,FR,51,6.843200587
63064,Ben,Hefner,Loyola Marymount,SO,50,6.846389454
42780,Yonathan,Amare,Loyola Marymount,JR,49,6.846864594
78900,Simon,Worku,Loyola Marymount,FR,49,6.849604
60180,Hunter,Krasa,Loyola Marymount,JR,48,6.852109814
78902,Jackson,Vande-Zandschulp,Loyola Marymount,FR,44,6.865524058
63066,Carson,Foster,Loyola Marymount,SO,43,6.868379434
92807,Matthew,Landis,Loyola Marymount,FR,43,6.869382203
